regime,arm,dataset,method,lr0,seed,nmse_full,triggered,steps_survived,frac_survived,pre_mean_loss,pre_nmse,pre_median_loss,pre_max_loss,pre_max_excess,pre_n_spike,pre_worst_window
E2-drift,lorenz_drift_cohg_lr0.003,lorenz,cohg,0.003,0,0.016637749643283357,0,12000,1.0,0.008405883410259283,0.016637749643283357,0.006154978182166815,2.1423234939575195,348.06353987811053,1,0.2268602550867945
E2-drift,lorenz_drift_cohg_lr0.003,lorenz,cohg,0.003,1,0.03129238185954867,0,12000,1.0,0.01585856454075971,0.03129238185954867,0.01201456505805254,0.6079326868057251,50.5996416739422,0,0.2673474034667015
E2-drift,lorenz_drift_cohg_lr0.003,lorenz,cohg,0.003,2,0.011051457541102554,0,12000,1.0,0.005576406705685636,0.011051457541102554,0.004012524150311947,0.7507317662239075,187.0971334005661,36,0.11544421821832657
E2-drift,lorenz_drift_cohg_lr0.003,lorenz,cohg,0.003,3,0.023753147934584884,0,12000,1.0,0.011956324290570716,0.023753147934584884,0.008680140599608421,0.5812227725982666,66.96006429025893,0,0.26023917101323607
E2-drift,lorenz_drift_cohg_lr0.003,lorenz,cohg,0.003,4,0.007378426220179373,0,12000,1.0,0.003735705224803804,0.007378426220179373,0.002540045650675893,0.6586447954177856,259.3043141734574,0,0.09332981010898948
E2-drift,lorenz_drift_cohg_lr0.003,lorenz,cohg,0.003,5,0.025297767506260522,0,12000,1.0,0.01274625375521679,0.025297767506260522,0.00934767909348011,0.631950855255127,67.60510806323089,0,0.2656188277900219
E2-drift,lorenz_drift_cohg_lr0.003,lorenz,cohg,0.003,6,0.008670022827886573,0,12000,1.0,0.004356065994098723,0.008670022827886573,0.0030296649783849716,0.5982579588890076,197.4667044565178,0,0.09190537687391043
E2-drift,lorenz_drift_cohg_lr0.003,lorenz,cohg,0.003,7,0.018702858086747487,0,12000,1.0,0.009428767899943796,0.018702858086747487,0.006888826843351126,0.4370787739753723,63.44749024969712,28,0.16352926906198262
E2-drift,lorenz_drift_cohg_lr0.003,lorenz,cohg,0.003,8,0.0314927592327608,0,12000,1.0,0.01586864581016745,0.0314927592327608,0.01241073478013277,0.621103048324585,50.04563060350407,0,0.31623622447252275
E2-drift,lorenz_drift_cohg_lr0.003,lorenz,cohg,0.003,9,0.020128039668388102,0,12000,1.0,0.010071618003038888,0.020128039668388102,0.007586639374494553,0.36700761318206787,48.375518469469775,3,0.16550793685019016
E2-drift,lorenz_drift_cohg_lr0.03,lorenz,cohg,0.03,0,0.005180092757153661,0,12000,1.0,0.0026171361334638545,0.005180092757153661,0.001248858985491097,2.1423234939575195,1715.4246547019716,36,0.08490839949809015
E2-drift,lorenz_drift_cohg_lr0.03,lorenz,cohg,0.03,1,0.006128936204570383,0,12000,1.0,0.0031060636675926123,0.006128936204570383,0.0012990671675652266,0.23819482326507568,183.3583583761198,32,0.07839162360876799
E2-drift,lorenz_drift_cohg_lr0.03,lorenz,cohg,0.03,2,0.004358925661811008,0,12000,1.0,0.002199451266921584,0.004358925661811008,0.0008417479693889618,0.2669205069541931,317.10264433183596,57,0.05817662909626961
E2-drift,lorenz_drift_cohg_lr0.03,lorenz,cohg,0.03,3,0.004752894744420068,0,12000,1.0,0.002392405042048953,0.004752894744420068,0.0007937622140161693,0.35652023553848267,449.15244041992173,36,0.07244771558791399
E2-drift,lorenz_drift_cohg_lr0.03,lorenz,cohg,0.03,4,0.0031380451068873656,0,12000,1.0,0.0015887956525753746,0.0031380451068873656,0.0006849218043498695,0.5318399667739868,776.4973510790935,0,0.05695531575474888
E2-drift,lorenz_drift_cohg_lr0.03,lorenz,cohg,0.03,5,0.0048504984088948025,0,12000,1.0,0.0024439185609461383,0.0048504984088948025,0.0008083520224317908,0.2788543999195099,344.96653955367543,0,0.07228834348730744
E2-drift,lorenz_drift_cohg_lr0.03,lorenz,cohg,0.03,6,0.0036978782722829496,0,12000,1.0,0.0018579191902930161,0.00369787827228295,0.0007205269066616893,0.297273188829422,412.5774986068652,96,0.049948980184271935
E2-drift,lorenz_drift_cohg_lr0.03,lorenz,cohg,0.03,7,0.004681815124365896,0,12000,1.0,0.0023602675031455874,0.004681815124365896,0.000748701102565974,0.4370787739753723,583.7827304880426,59,0.05451988011598587
E2-drift,lorenz_drift_cohg_lr0.03,lorenz,cohg,0.03,8,0.005873785831110528,0,12000,1.0,0.002959697060196217,0.005873785831110528,0.0011552422074601054,0.4075504541397095,352.78355613040014,0,0.08692038303241134
E2-drift,lorenz_drift_cohg_lr0.03,lorenz,cohg,0.03,9,0.00487564069090751,0,12000,1.0,0.0024396608595727053,0.00487564069090751,0.000906472560018301,0.18514657020568848,204.24950337377064,32,0.05454864641651511
E2-drift,lorenz_drift_cohg_nogate_lr0.003,lorenz,cohg_nogate,0.003,0,0.002679058914311899,0,12000,1.0,0.0013535398335563296,0.002679058914311899,0.00010202128760283813,2.1423234939575195,20998.789020360513,97,0.12499731639632955
E2-drift,lorenz_drift_cohg_nogate_lr0.003,lorenz,cohg_nogate,0.003,1,0.0037899953508195366,0,12000,1.0,0.0019207194310077915,0.0037899953508195366,9.543713531456888e-05,0.5786194801330566,6062.833699124328,117,0.06057125092949718
E2-drift,lorenz_drift_cohg_nogate_lr0.003,lorenz,cohg_nogate,0.003,2,0.0032343881567605368,0,12000,1.0,0.001632025797418054,0.0032343881567605368,0.00012876898108515888,1.4807329177856445,11499.142924850748,171,0.13407959630712868
E2-drift,lorenz_drift_cohg_nogate_lr0.003,lorenz,cohg_nogate,0.003,3,0.0012394544985388277,0,12000,1.0,0.0006238886723035061,0.0012394544985388277,9.018199489219114e-05,0.20856618881225586,2312.7253845026175,81,0.03638422705233097
E2-drift,lorenz_drift_cohg_nogate_lr0.003,lorenz,cohg_nogate,0.003,4,0.0017496951517094257,0,12000,1.0,0.0008858725594054777,0.0017496951517094257,9.415530075784773e-05,0.7415357828140259,7875.666870005934,9,0.07969731295481325
E2-drift,lorenz_drift_cohg_nogate_lr0.003,lorenz,cohg_nogate,0.003,5,0.0017763716282248327,0,12000,1.0,0.0008950229909148506,0.0017763716282248327,0.0001673058286542073,0.32809287309646606,1961.0367178215786,38,0.05876664203358814
E2-drift,lorenz_drift_cohg_nogate_lr0.003,lorenz,cohg_nogate,0.003,6,0.0019405247058178147,0,12000,1.0,0.0009749747895164873,0.0019405247058178147,0.0001144097768701613,0.5859105587005615,5121.1581276439865,129,0.07130253536859527
E2-drift,lorenz_drift_cohg_nogate_lr0.003,lorenz,cohg_nogate,0.003,7,0.006636155390161487,0,12000,1.0,0.0033455190982885556,0.006636155390161487,0.00017102359561249614,1.8915871381759644,11060.386909780022,148,0.09756221676245332
E2-drift,lorenz_drift_cohg_nogate_lr0.003,lorenz,cohg_nogate,0.003,8,0.001874856848810814,0,12000,1.0,0.0009447072915604477,0.001874856848810814,0.00016536864859517664,0.3072463274002075,1857.947863819993,39,0.041296555241569874
E2-drift,lorenz_drift_cohg_nogate_lr0.003,lorenz,cohg_nogate,0.003,9,0.0026100193656121468,0,12000,1.0,0.0013059949435744044,0.0026100193656121468,0.00014790360000915825,0.6586470603942871,4453.21858530491,120,0.033221300840377804
E2-drift,lorenz_drift_cohg_nogate_lr0.03,lorenz,cohg_nogate,0.03,0,0.0027540383222293603,0,12000,1.0,0.0013914216489843488,0.0027540383222293607,0.00010270776692777872,2.1423234939575195,20858.437078706447,141,0.10192877964582295
E2-drift,lorenz_drift_cohg_nogate_lr0.03,lorenz,cohg_nogate,0.03,1,0.001578655873514968,0,12000,1.0,0.0008000418814442909,0.001578655873514968,8.660191087983549e-05,1.0723751783370972,12382.811966182499,112,0.05388114934787154
E2-drift,lorenz_drift_cohg_nogate_lr0.03,lorenz,cohg_nogate,0.03,2,0.002600049375204289,0,12000,1.0,0.0013119475614034213,0.002600049375204289,0.000239078130107373,0.2669205069541931,1116.4572302548784,218,0.045613011121749876
E2-drift,lorenz_drift_cohg_nogate_lr0.03,lorenz,cohg_nogate,0.03,3,0.0009083068273900984,0,12000,1.0,0.0004572030205648298,0.0009083068273900985,0.00010597865912131965,0.3247661292552948,3064.4483705301177,86,0.028060540547594427
E2-drift,lorenz_drift_cohg_nogate_lr0.03,lorenz,cohg_nogate,0.03,4,0.0014232343509988222,0,12000,1.0,0.0007205851007367391,0.0014232343509988222,0.00010401100007584319,0.4376736879348755,4207.955770214023,12,0.05547230341471732
E2-drift,lorenz_drift_cohg_nogate_lr0.03,lorenz,cohg_nogate,0.03,5,0.001322246443611281,0,12000,1.0,0.0006662124906093741,0.001322246443611281,0.0001986890274565667,0.5806664228439331,2922.488625955283,24,0.03561436362331733
E2-drift,lorenz_drift_cohg_nogate_lr0.03,lorenz,cohg_nogate,0.03,6,0.0013792360570737492,0,12000,1.0,0.0006929674125804668,0.0013792360570737492,0.00011715020082192495,0.2741891145706177,2340.492057605611,156,0.0418670240836218
E2-drift,lorenz_drift_cohg_nogate_lr0.03,lorenz,cohg_nogate,0.03,7,0.0018573809105423354,0,12000,1.0,0.0009363709774229448,0.0018573809105423354,9.312013571616262e-05,0.6572656631469727,7058.254996001823,143,0.058774556084536016
E2-drift,lorenz_drift_cohg_nogate_lr0.03,lorenz,cohg_nogate,0.03,8,0.0010941304221373876,0,12000,1.0,0.00055131301804022,0.0010941304221373876,9.70040782704018e-05,0.2988468110561371,3080.7654315635323,65,0.028481362406164407
E2-drift,lorenz_drift_cohg_nogate_lr0.03,lorenz,cohg_nogate,0.03,9,0.0010657352374624377,0,12000,1.0,0.0005332699249871487,0.0010657352374624377,0.00011812929005827755,0.14323410391807556,1212.5198064545455,110,0.01681422820314765
E2-drift,lorenz_drift_cohg_r0_lr0.03,lorenz,cohg_r0,0.03,0,0.005180092757153661,0,12000,1.0,0.0026171361334638545,0.005180092757153661,0.001248858985491097,2.1423234939575195,1715.4246547019716,36,0.08490839949809015
E2-drift,lorenz_drift_cohg_r0_lr0.03,lorenz,cohg_r0,0.03,1,0.006128936204570383,0,12000,1.0,0.0031060636675926123,0.006128936204570383,0.0012990671675652266,0.23819482326507568,183.3583583761198,32,0.07839162360876799
E2-drift,lorenz_drift_cohg_r0_lr0.03,lorenz,cohg_r0,0.03,2,0.004358925661811008,0,12000,1.0,0.002199451266921584,0.004358925661811008,0.0008417479693889618,0.2669205069541931,317.10264433183596,57,0.05817662909626961
E2-drift,lorenz_drift_cohg_r0_lr0.03,lorenz,cohg_r0,0.03,3,0.004752894610239205,0,12000,1.0,0.0023924049745080145,0.004752894610239205,0.0007937637274153531,0.35652023553848267,449.15158406063847,36,0.07244771428406238
E2-drift,lorenz_drift_cohg_r0_lr0.03,lorenz,cohg_r0,0.03,4,0.0031380451068873656,0,12000,1.0,0.0015887956525753746,0.0031380451068873656,0.0006849218043498695,0.5318399667739868,776.4973510790935,0,0.05695531575474888
E2-drift,lorenz_drift_cohg_r0_lr0.03,lorenz,cohg_r0,0.03,5,0.0048504984088948025,0,12000,1.0,0.0024439185609461383,0.0048504984088948025,0.0008083520224317908,0.2788543999195099,344.96653955367543,0,0.07228834348730744
E2-drift,lorenz_drift_cohg_r0_lr0.03,lorenz,cohg_r0,0.03,6,0.003697880794029277,0,12000,1.0,0.001857920457290083,0.0036978807940292765,0.0007205264992080629,0.297273188829422,412.5777319170879,96,0.049948980621993544
E2-drift,lorenz_drift_cohg_r0_lr0.03,lorenz,cohg_r0,0.03,7,0.004681815124365896,0,12000,1.0,0.0023602675031455874,0.004681815124365896,0.000748701102565974,0.4370787739753723,583.7827304880426,59,0.05451988011598587
E2-drift,lorenz_drift_cohg_r0_lr0.03,lorenz,cohg_r0,0.03,8,0.005873785831110528,0,12000,1.0,0.002959697060196217,0.005873785831110528,0.0011552422074601054,0.4075504541397095,352.78355613040014,0,0.08692038303241134
E2-drift,lorenz_drift_cohg_r0_lr0.03,lorenz,cohg_r0,0.03,9,0.00487564069090751,0,12000,1.0,0.0024396608595727053,0.00487564069090751,0.000906472560018301,0.18514657020568848,204.24950337377064,32,0.05454864641651511
E2-drift,lorenz_drift_fixed_lr0.003,lorenz,fixed,0.003,0,0.042519908591742574,0,12000,1.0,0.021482315932152465,0.042519908591742574,0.01796039566397667,2.1423234939575195,119.28041753859563,0,0.5027518327534198
E2-drift,lorenz_drift_fixed_lr0.003,lorenz,fixed,0.003,1,0.05196907431105957,0,12000,1.0,0.026337238334383613,0.051969074311059564,0.023002158850431442,1.1235511302947998,48.84546435839112,0,0.5549804490804672
E2-drift,lorenz_drift_fixed_lr0.003,lorenz,fixed,0.003,2,0.04425545853746291,0,12000,1.0,0.022330668586804346,0.04425545853746292,0.019614027813076973,0.991765022277832,50.56406729558154,0,0.3754407301545143
E2-drift,lorenz_drift_fixed_lr0.003,lorenz,fixed,0.003,3,0.04945376566306214,0,12000,1.0,0.024892922036516392,0.04945376566306214,0.022168101742863655,0.8783326148986816,39.621462635222436,0,0.413057844042778
E2-drift,lorenz_drift_fixed_lr0.003,lorenz,fixed,0.003,4,0.046386654839743156,0,12000,1.0,0.023485613825354003,0.046386654839743156,0.02040899731218815,0.7689327001571655,37.676162547092055,0,0.5326160636544227
E2-drift,lorenz_drift_fixed_lr0.003,lorenz,fixed,0.003,5,0.046964492411863935,0,12000,1.0,0.02366301048574481,0.046964492411863935,0.02119777724146843,1.0327681303024292,48.720586056639135,0,0.3914401745796204
E2-drift,lorenz_drift_fixed_lr0.003,lorenz,fixed,0.003,6,0.04856846423361648,0,12000,1.0,0.024402177437545542,0.04856846423361648,0.02178746834397316,0.660759687423706,30.327511071587402,0,0.3940847298502922
E2-drift,lorenz_drift_fixed_lr0.003,lorenz,fixed,0.003,7,0.046854415895032704,0,12000,1.0,0.023620957316397677,0.046854415895032704,0.020450368523597717,0.7744146585464478,37.86800505100186,0,0.42031926721334456
E2-drift,lorenz_drift_fixed_lr0.003,lorenz,fixed,0.003,8,0.04913172321559441,0,12000,1.0,0.024756608590218568,0.04913172321559442,0.022332319989800453,0.7567983865737915,33.888032542943776,0,0.4668846559524536
E2-drift,lorenz_drift_fixed_lr0.003,lorenz,fixed,0.003,9,0.049711740826462854,0,12000,1.0,0.024874636185089685,0.049711740826462854,0.020895980298519135,0.5976895093917847,28.603085418976107,0,0.38165381222963335
E2-drift,lorenz_drift_fixed_lr0.03,lorenz,fixed,0.03,0,0.008205646322167635,0,12000,1.0,0.004145735316903837,0.008205646322167635,0.0025616693310439587,2.1423234939575195,836.2997784278649,33,0.11433450330980122
E2-drift,lorenz_drift_fixed_lr0.03,lorenz,fixed,0.03,1,0.009301347855232027,0,12000,1.0,0.00471379986158655,0.009301347855232027,0.0026439197827130556,0.5549366474151611,209.89163553431015,6,0.10640661969780922
E2-drift,lorenz_drift_fixed_lr0.03,lorenz,fixed,0.03,2,0.008473602137542686,0,12000,1.0,0.004275657903526726,0.008473602137542686,0.0024279372300952673,0.49507367610931396,203.90711504921742,36,0.10199505545198917
E2-drift,lorenz_drift_fixed_lr0.03,lorenz,fixed,0.03,3,0.008233362976133647,0,12000,1.0,0.004144324702381925,0.008233362976133647,0.001877309987321496,0.5492126941680908,292.5530135551536,36,0.1129412861354649
E2-drift,lorenz_drift_fixed_lr0.03,lorenz,fixed,0.03,4,0.008221129614378892,0,12000,1.0,0.00416236687035381,0.008221129614378892,0.0021370290778577328,0.5490546226501465,256.9242638478962,0,0.12685915312729776
E2-drift,lorenz_drift_fixed_lr0.03,lorenz,fixed,0.03,5,0.008398497701732545,0,12000,1.0,0.004231574301661004,0.008398497701732545,0.002149465261027217,0.5786097645759583,269.18777198541187,0,0.11014912411570549
E2-drift,lorenz_drift_fixed_lr0.03,lorenz,fixed,0.03,6,0.008983578234427457,0,12000,1.0,0.004513605146049376,0.008983578234427457,0.0025868606753647327,0.486017644405365,187.8793276475314,0,0.1164866634644568
E2-drift,lorenz_drift_fixed_lr0.03,lorenz,fixed,0.03,7,0.008812331057255134,0,12000,1.0,0.004442605713572789,0.008812331057255134,0.0024040706921368837,0.4370787739753723,181.80778768484143,34,0.09169379245489835
E2-drift,lorenz_drift_fixed_lr0.03,lorenz,fixed,0.03,8,0.008669239265931553,0,12000,1.0,0.0043682767311018535,0.008669239265931553,0.0023059030063450336,0.4655843675136566,201.90977948011354,0,0.11270298063755035
E2-drift,lorenz_drift_fixed_lr0.03,lorenz,fixed,0.03,9,0.008971286079659772,0,12000,1.0,0.004489029626278958,0.008971286079659772,0.002330509480088949,0.23681163787841797,101.61367713869137,26,0.09853840127587318
E2-drift,lorenz_drift_fmd_lr0.03,lorenz,fmd,0.03,0,0.003594985018133423,0,12000,1.0,0.0018162928023296586,0.003594985018133423,0.0008058275561779737,2.1423234939575195,2658.5383901718665,34,0.07924806761555374
E2-drift,lorenz_drift_fmd_lr0.03,lorenz,fmd,0.03,1,0.0047750535966736745,0,12000,1.0,0.002419933899193714,0.0047750535966736745,0.0009160502813756466,0.4795629382133484,523.5115887887523,32,0.07844180414453149
E2-drift,lorenz_drift_fmd_lr0.03,lorenz,fmd,0.03,2,0.004313897639981609,0,12000,1.0,0.0021767307739966146,0.004313897639981609,0.0008437542710453272,0.43012160062789917,509.77116844104563,57,0.07187570005655289
E2-drift,lorenz_drift_fmd_lr0.03,lorenz,fmd,0.03,3,0.0037039757784237642,0,12000,1.0,0.0018644238520812118,0.0037039757784237642,0.0006101393955759704,0.5212546586990356,854.3206068622601,36,0.07894974444061517
E2-drift,lorenz_drift_fmd_lr0.03,lorenz,fmd,0.03,4,0.003638220306145457,0,12000,1.0,0.0018420349002723328,0.003638220306145457,0.0007695499225519598,0.54727703332901,711.1650814207678,0,0.08824342397972941
E2-drift,lorenz_drift_fmd_lr0.03,lorenz,fmd,0.03,5,0.0037061756838316557,0,12000,1.0,0.0018673527502316226,0.0037061756838316557,0.000642757338937372,0.5315921306610107,827.0494920211362,0,0.07996730642393231
E2-drift,lorenz_drift_fmd_lr0.03,lorenz,fmd,0.03,6,0.004636074822422069,0,12000,1.0,0.002329295813973426,0.004636074822422069,0.0009272663155570626,0.47044527530670166,507.346452053613,52,0.087283294191584
E2-drift,lorenz_drift_fmd_lr0.03,lorenz,fmd,0.03,7,0.004824664262366714,0,12000,1.0,0.0024322827727193577,0.004824664262366714,0.0007766501512378454,0.4370787739753723,562.7743370406156,53,0.06881028277799488
E2-drift,lorenz_drift_fmd_lr0.03,lorenz,fmd,0.03,8,0.003979088482724613,0,12000,1.0,0.0020049924909083926,0.003979088482724613,0.000852211145684123,0.46519994735717773,545.8740474272167,0,0.08117710150778294
E2-drift,lorenz_drift_fmd_lr0.03,lorenz,fmd,0.03,9,0.004861189815860057,0,12000,1.0,0.002432429966962968,0.004861189815860057,0.0008414597250521183,0.2357330024242401,280.1476950184862,32,0.07517195800319314
E2-drift,lorenz_drift_hd_lr0.003,lorenz,hd,0.003,0,6.1007153512137895e+32,1,54,0.0045,6.848900117577931e+34,1.3556015462817457e+35,6.561282157897949,1.858268980371515e+36,2.832173553357523e+35,0,6.848900117577931e+34
E2-drift,lorenz_drift_hd_lr0.003,lorenz,hd,0.003,1,0.009199363269946186,0,12000,1.0,0.004662115424934291,0.009199363269946186,0.0036984465550631285,0.3697773814201355,99.98181017755002,0,0.12367062948644161
E2-drift,lorenz_drift_hd_lr0.003,lorenz,hd,0.003,2,0.008634929327902137,0,12000,1.0,0.004357061286092689,0.008634929327902137,0.0029331434052437544,0.4859304428100586,165.66883226416135,36,0.10073908783495426
E2-drift,lorenz_drift_hd_lr0.003,lorenz,hd,0.003,3,0.004362372242594113,0,12000,1.0,0.0021958326261546507,0.004362372242594113,0.0004914706223644316,0.8515884280204773,1732.73516110392,36,0.16061818373389541
E2-drift,lorenz_drift_hd_lr0.003,lorenz,hd,0.003,4,0.005487390984127195,0,12000,1.0,0.002778272026883112,0.005487390984127195,0.0013355561532080173,0.9220032691955566,690.3515565263931,0,0.12269265564857051
E2-drift,lorenz_drift_hd_lr0.003,lorenz,hd,0.003,5,0.008854984622369055,0,12000,1.0,0.004461574760196807,0.008854984622369055,0.003739764913916588,0.5787442326545715,154.7541746543804,0,0.09339863068424165
E2-drift,lorenz_drift_hd_lr0.003,lorenz,hd,0.003,6,0.010465987872925974,0,12000,1.0,0.005258409899598401,0.010465987872925974,0.0042391009628772736,0.5550656318664551,130.93946964870267,0,0.10670171494595707
E2-drift,lorenz_drift_hd_lr0.003,lorenz,hd,0.003,7,0.009343453646577253,0,12000,1.0,0.00471036327222543,0.009343453646577253,0.0036666395608335733,0.4370787739753723,119.20418321019994,32,0.09057894404744729
E2-drift,lorenz_drift_hd_lr0.003,lorenz,hd,0.003,8,0.0031830094908224834,0,12000,1.0,0.0016038623306057688,0.0031830094908224834,0.0005796013865619898,0.46941077709198,809.8855316347235,1,0.08248411745298653
E2-drift,lorenz_drift_hd_lr0.003,lorenz,hd,0.003,9,0.009633068545312044,0,12000,1.0,0.004820170676523826,0.009633068545312044,0.003723200410604477,0.27763763070106506,74.5696175554486,3,0.1097391220368445
E2-drift,lorenz_drift_hd_lr0.03,lorenz,hd,0.03,0,1.761447040140073e+30,1,33,0.00275,3.2358581907582577e+32,6.4047281923153745e+32,65513709568.0,5.346219847139493e+33,8.160459669270263e+22,0,3.2358581907582577e+32
E2-drift,lorenz_drift_hd_lr0.03,lorenz,hd,0.03,1,0.0034281914311677627,0,12000,1.0,0.0017373619979862242,0.0034281914311677627,0.0009615279268473387,0.18247190117835999,189.772856391857,32,0.03633628520183265
E2-drift,lorenz_drift_hd_lr0.03,lorenz,hd,0.03,2,0.003479663341408754,0,12000,1.0,0.00175578813187246,0.003479663341408754,0.0009355490328744054,0.2602638304233551,278.1936822955326,57,0.03400153560563922
E2-drift,lorenz_drift_hd_lr0.03,lorenz,hd,0.03,3,0.003664010064899015,0,12000,1.0,0.0018443068119010258,0.003664010064899015,0.0009933605324476957,0.28151947259902954,283.40110504023136,32,0.04916463375731837
E2-drift,lorenz_drift_hd_lr0.03,lorenz,hd,0.03,4,0.00368329921525764,0,12000,1.0,0.001864858401012677,0.00368329921525764,0.0012313417391851544,0.37225931882858276,302.3200684116555,0,0.03776335762348026
E2-drift,lorenz_drift_hd_lr0.03,lorenz,hd,0.03,5,0.0028921754911644866,0,12000,1.0,0.0014572196027131546,0.0028921754911644866,0.0006275931373238564,0.25494131445884705,406.2206855000868,0,0.0435024937579874
E2-drift,lorenz_drift_hd_lr0.03,lorenz,hd,0.03,6,0.003503500061288054,0,12000,1.0,0.001760258050095569,0.003503500061288054,0.0010803195182234049,0.1848423182964325,171.0996748447231,52,0.04043486087583006
E2-drift,lorenz_drift_hd_lr0.03,lorenz,hd,0.03,7,0.0033081166387327046,0,12000,1.0,0.0016677378306503598,0.0033081166387327046,0.0007367120706476271,0.4370787739753723,593.2830360593198,61,0.03668174765072763
E2-drift,lorenz_drift_hd_lr0.03,lorenz,hd,0.03,8,0.0033804838044581053,0,12000,1.0,0.0017033661535807158,0.0033804838044581053,0.0009132304694503546,0.2993795871734619,327.82479033321056,0,0.039229567218571904
E2-drift,lorenz_drift_hd_lr0.03,lorenz,hd,0.03,9,0.003297210854014394,0,12000,1.0,0.0016498500968905538,0.003297210854014394,0.0009957249276340008,0.14282700419425964,143.44022152145885,29,0.026437743213027717
E2-drift,lorenz_drift_hd_scalar_lr0.03,lorenz,hd_scalar,0.03,0,1.790855021071311e+32,1,40,0.0033333333333333335,2.714152639266973e+34,5.372117349458665e+34,387762094080.0,5.496168553042037e+35,1.4174073837934532e+24,0,2.714152639266973e+34
E2-drift,lorenz_drift_hd_scalar_lr0.03,lorenz,hd_scalar,0.03,1,0.061654640578471955,0,12000,1.0,0.031245754996840694,0.061654640578471955,0.002813461236655712,0.7521922588348389,267.3547618267349,1,0.5196203073859215
E2-drift,lorenz_drift_hd_scalar_lr0.03,lorenz,hd_scalar,0.03,2,0.1376667185647067,0,12000,1.0,0.06946464841391221,0.1376667185647067,0.003570839297026396,0.8639327883720398,241.94110025939193,34,0.672529548406601
E2-drift,lorenz_drift_hd_scalar_lr0.03,lorenz,hd_scalar,0.03,3,0.15379216816730687,0,12000,1.0,0.07741243564946639,0.15379216816730687,0.005423341877758503,0.6523529887199402,120.28616366511662,0,0.5131662517786026
E2-drift,lorenz_drift_hd_scalar_lr0.03,lorenz,hd_scalar,0.03,4,4.037535069118304e+34,1,144,0.012,7.32228712719767e+33,1.446231757588278e+34,1.4481878280639648,5.28510829337135e+35,3.649463274689195e+35,31,1.0544093463164646e+34
E2-drift,lorenz_drift_hd_scalar_lr0.03,lorenz,hd_scalar,0.03,5,0.07453129214876655,0,12000,1.0,0.0375525137622239,0.07453129214876655,0.0025607070419937372,0.7351723909378052,287.0974222671752,0,0.5103066489100456
E2-drift,lorenz_drift_hd_scalar_lr0.03,lorenz,hd_scalar,0.03,6,1.2914548358762608e+34,1,419,0.034916666666666665,1.0876259041980263e+34,2.1647379608968646e+34,1.0634748935699463,2.2953195715697272e+36,2.1583204130608474e+36,28,4.55715253858973e+34
E2-drift,lorenz_drift_hd_scalar_lr0.03,lorenz,hd_scalar,0.03,7,0.09973729640802519,0,12000,1.0,0.05028107546116367,0.09973729640802519,0.035072874277830124,0.8093292713165283,23.0756471484321,0,0.6227161708474159
E2-drift,lorenz_drift_hd_scalar_lr0.03,lorenz,hd_scalar,0.03,8,0.005832037057037828,0,12000,1.0,0.0029386605894357494,0.005832037057037828,0.0022254986688494682,0.13522903621196747,60.76347656585109,0,0.042837301660329105
E2-drift,lorenz_drift_hd_scalar_lr0.03,lorenz,hd_scalar,0.03,9,0.004120652958051082,0,12000,1.0,0.002061881991506771,0.004120652958051082,0.0017452345928177238,0.07570691406726837,43.37921926303198,27,0.020063216648995876
E2-drift,lorenz_drift_hdm_lr0.03,lorenz,hdm,0.03,0,0.0023466259750034206,0,12000,1.0,0.001185584876337403,0.0023466259750034206,0.0001165165813290514,2.1423234939575195,18386.425944882816,101,0.09309254546649753
E2-drift,lorenz_drift_hdm_lr0.03,lorenz,hdm,0.03,1,0.0017200481801054944,0,12000,1.0,0.0008716976291498152,0.0017200481801054944,9.259557555196807e-05,0.42000100016593933,4535.864674551531,126,0.06098389759659767
E2-drift,lorenz_drift_hdm_lr0.03,lorenz,hdm,0.03,2,0.001953023214850088,0,12000,1.0,0.0009854674563191796,0.0019530232148500882,0.00012249735300429165,0.3966522216796875,3238.0472879752015,185,0.06436296762898565
E2-drift,lorenz_drift_hdm_lr0.03,lorenz,hdm,0.03,3,0.001629406778523927,0,12000,1.0,0.0008201740627784575,0.001629406778523927,0.00011750589328585193,0.4561114013195038,3881.6044758703265,76,0.062490084413439034
E2-drift,lorenz_drift_hdm_lr0.03,lorenz,hdm,0.03,4,0.001923662069604818,0,12000,1.0,0.000973952199254344,0.001923662069604818,0.00011996697139693424,0.5195428729057312,4330.715920023702,6,0.08058912381064147
E2-drift,lorenz_drift_hdm_lr0.03,lorenz,hdm,0.03,5,0.001602425987225364,0,12000,1.0,0.0008073806612411186,0.0016024259872253642,0.00013231440971139818,0.4631025195121765,3500.01576186817,42,0.06380272842943668
E2-drift,lorenz_drift_hdm_lr0.03,lorenz,hdm,0.03,6,0.0017434083645791677,0,12000,1.0,0.0008759379348280373,0.0017434083645791677,9.488139039603993e-05,0.4414657950401306,4652.817514556112,182,0.06579782042652368
E2-drift,lorenz_drift_hdm_lr0.03,lorenz,hdm,0.03,7,0.0019256490274239875,0,12000,1.0,0.0009707873337925265,0.0019256490274239875,0.00010172452311962843,0.4370787739753723,4296.690321775861,162,0.05668792658485472
E2-drift,lorenz_drift_hdm_lr0.03,lorenz,hdm,0.03,8,0.0015461199511353344,0,12000,1.0,0.0007790625681054413,0.0015461199511353347,0.0001102976020774804,0.43621504306793213,3954.8914468830026,44,0.0607115759793669
E2-drift,lorenz_drift_hdm_lr0.03,lorenz,hdm,0.03,9,0.0016943999111229933,0,12000,1.0,0.0008478395775429798,0.0016943999111229933,0.00012775862705893815,0.2142808437347412,1677.2318916349052,113,0.04891769126988947
E2-drift,lorenz_drift_tfmd_lr0.03,lorenz,tfmd,0.03,0,0.03334382103172402,0,12000,1.0,0.016846284987728135,0.03334382103172402,0.0019739503040909767,11.035255432128906,5590.442378036842,36,1.3598925466369838
E2-drift,lorenz_drift_tfmd_lr0.03,lorenz,tfmd,0.03,1,0.002086840511655879,0,12000,1.0,0.0010575831232312622,0.002086840511655879,0.0005985748139210045,0.18025006353855133,301.132054584474,71,0.034661258980631826
E2-drift,lorenz_drift_tfmd_lr0.03,lorenz,tfmd,0.03,2,0.009371149903769251,0,12000,1.0,0.004728547611842942,0.009371149903769251,0.0037163770757615566,0.2602638304233551,70.03159935540774,45,0.07886531635187566
E2-drift,lorenz_drift_tfmd_lr0.03,lorenz,tfmd,0.03,3,0.0016173526509710202,0,12000,1.0,0.0008141065277107112,0.0016173526509710202,0.000244596682023257,0.27929481863975525,1141.8585744069865,45,0.043254663675907065
E2-drift,lorenz_drift_tfmd_lr0.03,lorenz,tfmd,0.03,4,0.006746978584058276,0,12000,1.0,0.0034160025994666833,0.006746978584058276,0.002744322642683983,0.3241679072380066,118.12310338297767,0,0.06102361966855824
E2-drift,lorenz_drift_tfmd_lr0.03,lorenz,tfmd,0.03,5,0.002465663359308747,0,12000,1.0,0.0012423219102204483,0.002465663359308747,0.0007966291159391403,0.23755136132240295,298.19568048596284,0,0.04161953079339582
E2-drift,lorenz_drift_tfmd_lr0.03,lorenz,tfmd,0.03,6,0.0015626210528170486,0,12000,1.0,0.0007851052488518905,0.0015626210528170486,0.0002690250694286078,0.1501660943031311,558.1862486721939,75,0.03126159628853202
E2-drift,lorenz_drift_tfmd_lr0.03,lorenz,tfmd,0.03,7,0.06093445269085502,0,12000,1.0,0.03071919857742431,0.06093445269085502,0.03365786373615265,0.4370787739753723,12.98593331417812,0,0.10769636025652289
E2-drift,lorenz_drift_tfmd_lr0.03,lorenz,tfmd,0.03,8,0.0011230567513418309,0,12000,1.0,0.0005658884850337937,0.0011230567513418309,0.00010485560778761283,0.36402517557144165,3471.6805638929877,48,0.04608820585301146
E2-drift,lorenz_drift_tfmd_lr0.03,lorenz,tfmd,0.03,9,0.00193801168874732,0,12000,1.0,0.000969737427790504,0.00193801168874732,0.00040276223444379866,0.22770893573760986,565.3681409630384,89,0.03127162135206163
E2-drift,mackey_drift_cohg_lr0.003,mackey,cohg,0.003,0,0.014882458291427526,0,12000,1.0,0.007443516447373744,0.014882458291427526,0.0032478589564561844,0.4265193045139313,131.32322253898505,0,0.1852393225580454
E2-drift,mackey_drift_cohg_lr0.003,mackey,cohg,0.003,1,0.018453751681658356,0,12000,1.0,0.009274542996815096,0.018453751681658356,0.003481765743345022,1.307990550994873,375.66874034961717,0,0.25779860086739065
E2-drift,mackey_drift_cohg_lr0.003,mackey,cohg,0.003,2,0.017282552413659575,0,12000,1.0,0.008638136484153316,0.017282552413659575,0.00395566551014781,0.35154086351394653,88.87021984343934,0,0.16325740255415438
E2-drift,mackey_drift_cohg_lr0.003,mackey,cohg,0.003,3,0.01853978509573445,0,12000,1.0,0.009291841789197255,0.01853978509573445,0.003910324536263943,1.3124467134475708,335.63626273882807,2,0.228877684623003
E2-drift,mackey_drift_cohg_lr0.003,mackey,cohg,0.003,4,0.014573340786243212,0,12000,1.0,0.007304774635044547,0.014573340786243212,0.0034627607092261314,0.8284440040588379,239.24379234509138,7,0.18620085226371885
E2-drift,mackey_drift_cohg_lr0.003,mackey,cohg,0.003,5,0.012602775089928466,0,12000,1.0,0.006338367147303264,0.012602775089928466,0.003151879645884037,0.9663148522377014,306.5836772985886,0,0.16314185742288828
E2-drift,mackey_drift_cohg_lr0.003,mackey,cohg,0.003,6,0.015029626529011004,0,12000,1.0,0.007504876105677492,0.015029626529011004,0.003645616117864847,1.2813754081726074,351.48391019378073,0,0.20453133199363946
E2-drift,mackey_drift_cohg_lr0.003,mackey,cohg,0.003,7,0.012604788361545204,0,12000,1.0,0.006323718412119585,0.012604788361545204,0.00310719246044755,0.864814281463623,278.32658983056945,28,0.15858848188072444
E2-drift,mackey_drift_cohg_lr0.003,mackey,cohg,0.003,8,0.012680305293578775,0,12000,1.0,0.0063374974204246735,0.012680305293578775,0.003294949885457754,0.4373989701271057,132.74829218421925,28,0.10404241420328617
E2-drift,mackey_drift_cohg_lr0.003,mackey,cohg,0.003,9,0.013698604322266564,0,12000,1.0,0.0068775698457514715,0.013698604322266564,0.0034792697988450527,1.0135442018508911,291.3094587224418,25,0.17765459526330232
E2-drift,mackey_drift_cohg_lr0.03,mackey,cohg,0.03,0,0.00582640966553593,0,12000,1.0,0.0029141003001859644,0.005826409665535929,0.0014113469514995813,0.38045942783355713,269.5718635515613,0,0.07368186693638563
E2-drift,mackey_drift_cohg_lr0.03,mackey,cohg,0.03,1,0.00622481955123019,0,12000,1.0,0.00312848886076002,0.00622481955123019,0.0011987671023234725,1.1302661895751953,942.8571966852381,1,0.10974144920706749
E2-drift,mackey_drift_cohg_lr0.03,mackey,cohg,0.03,2,0.0068176507500217745,0,12000,1.0,0.0034075868118549502,0.0068176507500217745,0.0018822301644831896,0.27846235036849976,147.9427732181511,0,0.0672051215544343
E2-drift,mackey_drift_cohg_lr0.03,mackey,cohg,0.03,3,0.0066626660895715345,0,12000,1.0,0.0033392209714875206,0.0066626660895715345,0.0013724674936383963,1.2554512023925781,914.7402093031659,35,0.10231480421498418
E2-drift,mackey_drift_cohg_lr0.03,mackey,cohg,0.03,4,0.005872028142176218,0,12000,1.0,0.0029433088032722785,0.005872028142176218,0.0012216465547680855,0.5173535346984863,423.48871912195546,35,0.09104153959080577
E2-drift,mackey_drift_cohg_lr0.03,mackey,cohg,0.03,5,0.005589425861354867,0,12000,1.0,0.002811113663387611,0.005589425861354867,0.0011316647287458181,0.6885391473770142,608.4303326658386,0,0.09131563365459443
E2-drift,mackey_drift_cohg_lr0.03,mackey,cohg,0.03,6,0.007377619376581151,0,12000,1.0,0.0036839318175480003,0.007377619376581151,0.001504171988926828,0.6316587924957275,419.93787754709695,1,0.12737196244299412
E2-drift,mackey_drift_cohg_lr0.03,mackey,cohg,0.03,7,0.005860729274119545,0,12000,1.0,0.0029402795633019802,0.005860729274119545,0.001184028573334217,0.5767911076545715,487.1428955724703,32,0.08875542571768165
E2-drift,mackey_drift_cohg_lr0.03,mackey,cohg,0.03,8,0.007214659165748866,0,12000,1.0,0.003605818850065892,0.007214659165748866,0.0017435215413570404,0.2772887349128723,159.03946600914912,64,0.06913253784179688
E2-drift,mackey_drift_cohg_lr0.03,mackey,cohg,0.03,9,0.00640354881817397,0,12000,1.0,0.0032149884193737916,0.00640354881817397,0.0013627770822495222,0.8126805424690247,596.3415095941746,39,0.09889989033341408
E2-drift,mackey_drift_cohg_nogate_lr0.003,mackey,cohg_nogate,0.003,0,0.0015085386531206474,0,12000,1.0,0.0007545011755531353,0.0015085386531206474,0.00013281594146974385,0.34233278036117554,2577.4976751503937,33,0.05257600111886859
E2-drift,mackey_drift_cohg_nogate_lr0.003,mackey,cohg_nogate,0.003,1,0.002937882845990831,0,12000,1.0,0.0014765301519598021,0.002937882845990831,0.0001325853809248656,1.307990550994873,9865.269774622393,111,0.12768474794458598
E2-drift,mackey_drift_cohg_nogate_lr0.003,mackey,cohg_nogate,0.003,2,0.001470401836746317,0,12000,1.0,0.0007349337903541103,0.001470401836746317,0.00014606345212087035,0.35542619228363037,2433.3684239470685,91,0.04493551043327898
E2-drift,mackey_drift_cohg_nogate_lr0.003,mackey,cohg_nogate,0.003,3,0.002726759292270314,0,12000,1.0,0.001366607854954509,0.002726759292270314,0.00012746889842674136,1.3124467134475708,10296.211308375408,178,0.10317470153793692
E2-drift,mackey_drift_cohg_nogate_lr0.003,mackey,cohg_nogate,0.003,4,0.0032144053636064293,0,12000,1.0,0.0016111958892080717,0.0032144053636064293,0.00012987968511879444,1.0218474864959717,7867.646780644248,107,0.14028316387208178
E2-drift,mackey_drift_cohg_nogate_lr0.003,mackey,cohg_nogate,0.003,5,59.82305587421957,0,12000,1.0,30.087063309370947,59.82305587421957,0.0009243169333785772,98963.8203125,107066977.50388056,298,3609.5138845194506
E2-drift,mackey_drift_cohg_nogate_lr0.003,mackey,cohg_nogate,0.003,6,0.0029933519996368347,0,12000,1.0,0.0014946968811629328,0.0029933519996368347,0.00013305724132806063,1.2227001190185547,9189.279041220418,64,0.13472148417960852
E2-drift,mackey_drift_cohg_nogate_lr0.003,mackey,cohg_nogate,0.003,7,0.0044506794484116055,0,12000,1.0,0.002232869189634888,0.0044506794484116055,0.0004025598173029721,0.850023090839386,2111.5448047802715,97,0.13707277374342083
E2-drift,mackey_drift_cohg_nogate_lr0.003,mackey,cohg_nogate,0.003,8,0.0030147572670697824,0,12000,1.0,0.0015067473503919853,0.003014757267069782,0.00018487365741748363,0.37771958112716675,2043.1227812743296,163,0.05218051239848137
E2-drift,mackey_drift_cohg_nogate_lr0.003,mackey,cohg_nogate,0.003,9,0.0033636663842217555,0,12000,1.0,0.0016887742686083887,0.0033636663842217555,0.0001190838374895975,1.0130800008773804,8507.28379462811,147,0.12170038850978017
E2-drift,mackey_drift_cohg_nogate_lr0.03,mackey,cohg_nogate,0.03,0,0.0016318396851807144,0,12000,1.0,0.0008161706418566912,0.0016318396851807142,0.00012960277672391385,1.0684012174606323,8243.659931272867,33,0.06188803061377257
E2-drift,mackey_drift_cohg_nogate_lr0.03,mackey,cohg_nogate,0.03,1,0.0043908471643361365,0,12000,1.0,0.00220676540578764,0.0043908471643361365,0.00021288081188686192,1.1302661895751953,5309.38500072937,113,0.12497096317820251
E2-drift,mackey_drift_cohg_nogate_lr0.03,mackey,cohg_nogate,0.03,2,0.001131419762148632,0,12000,1.0,0.0005655043359558173,0.001131419762148632,0.00015379732940346003,0.13476340472698212,876.240213335917,91,0.02408735021017492
E2-drift,mackey_drift_cohg_nogate_lr0.03,mackey,cohg_nogate,0.03,3,0.0027054154433688664,0,12000,1.0,0.001355910661532865,0.0027054154433688664,0.00013998220674693584,1.2554512023925781,8968.648455887123,133,0.10105042471550404
E2-drift,mackey_drift_cohg_nogate_lr0.03,mackey,cohg_nogate,0.03,4,0.003203044842367517,0,12000,1.0,0.0016055015155840616,0.003203044842367517,0.00013876032608095556,2.1256093978881836,15318.5673306076,138,0.14153619162738323
E2-drift,mackey_drift_cohg_nogate_lr0.03,mackey,cohg_nogate,0.03,5,0.0032805977365156763,0,12000,1.0,0.0016499249386165502,0.0032805977365156767,0.00014298706082627177,0.6885391473770142,4815.394787459714,39,0.1336758928420022
E2-drift,mackey_drift_cohg_nogate_lr0.03,mackey,cohg_nogate,0.03,6,0.0021078608133271786,0,12000,1.0,0.0010525367494327233,0.0021078608133271786,0.000121154727821704,0.6943759918212891,5731.315684544806,62,0.08558578423224389
E2-drift,mackey_drift_cohg_nogate_lr0.03,mackey,cohg_nogate,0.03,7,0.0029075303389423397,0,12000,1.0,0.001458684002522356,0.0029075303389423397,0.00016021786723285913,1.2705795764923096,7930.323867347836,137,0.10796200609300285
E2-drift,mackey_drift_cohg_nogate_lr0.03,mackey,cohg_nogate,0.03,8,0.00198195124639316,0,12000,1.0,0.0009905606072264466,0.00198195124639316,0.00019744347082450986,0.19206002354621887,972.7342349898424,182,0.029467853950336576
E2-drift,mackey_drift_cohg_nogate_lr0.03,mackey,cohg_nogate,0.03,9,0.004195483818780879,0,12000,1.0,0.002106399478484339,0.004195483818780879,0.0001426087401341647,0.86142498254776,6040.478176424118,124,0.16585154979489744
E2-drift,mackey_drift_cohg_ogd_lr0.003,mackey,cohg_ogd,0.003,0,0.04808646891377075,0,12000,1.0,0.024050624920074672,0.04808646891377074,0.010912028141319752,0.6687978506088257,61.28996754291161,0,0.41073079392313955
E2-drift,mackey_drift_cohg_ogd_lr0.003,mackey,cohg_ogd,0.003,1,0.05450889047871218,0,12000,1.0,0.027395244998120082,0.05450889047871218,0.01345612108707428,1.3206347227096558,98.14379003903547,0,0.5594157472252845
E2-drift,mackey_drift_cohg_ogd_lr0.003,mackey,cohg_ogd,0.003,2,0.049584988083235255,0,12000,1.0,0.024783485932874705,0.049584988083235255,0.01269650086760521,0.5694739818572998,44.85282896410442,0,0.35266571849584577
E2-drift,mackey_drift_cohg_ogd_lr0.003,mackey,cohg_ogd,0.003,3,0.052314418365561804,0,12000,1.0,0.026219144193775717,0.052314418365561804,0.012220960110425949,1.3124467134475708,107.39309363491792,0,0.44000616505742074
E2-drift,mackey_drift_cohg_ogd_lr0.003,mackey,cohg_ogd,0.003,4,0.050498571110410576,0,12000,1.0,0.025312019170067895,0.050498571110410576,0.011616796255111694,1.0134787559509277,87.2425351787478,0,0.5165237697958946
E2-drift,mackey_drift_cohg_ogd_lr0.003,mackey,cohg_ogd,0.003,5,0.05082454956946644,0,12000,1.0,0.025561406356301934,0.05082454956946644,0.011987000703811646,1.1354384422302246,94.72248065099188,0,0.519237043261528
E2-drift,mackey_drift_cohg_ogd_lr0.003,mackey,cohg_ogd,0.003,6,0.052024117989239234,0,12000,1.0,0.025977662140969186,0.052024117989239234,0.011773448437452316,1.455648422241211,123.63823819117196,0,0.4755967593193054
E2-drift,mackey_drift_cohg_ogd_lr0.003,mackey,cohg_ogd,0.003,7,0.05158267012732096,0,12000,1.0,0.025878600373340305,0.05158267012732096,0.012937700375914574,1.0739902257919312,83.01245156297803,0,0.49345016330480573
E2-drift,mackey_drift_cohg_ogd_lr0.003,mackey,cohg_ogd,0.003,8,0.053480234087042895,0,12000,1.0,0.026728928318916587,0.053480234087042895,0.013381225988268852,0.5833539962768555,43.594958846691206,0,0.3746028709411621
E2-drift,mackey_drift_cohg_ogd_lr0.003,mackey,cohg_ogd,0.003,9,0.05299505163048849,0,12000,1.0,0.026606883456620076,0.05299505163048849,0.013904105871915817,1.1497302055358887,82.68997777542597,0,0.5479045057296753
E2-drift,mackey_drift_cohg_r0_lr0.03,mackey,cohg_r0,0.03,0,0.005826409851035233,0,12000,1.0,0.0029141003929641254,0.005826409851035233,0.0014113470679149032,0.38045942783355713,269.57184131585757,0,0.07368186650797724
E2-drift,mackey_drift_cohg_r0_lr0.03,mackey,cohg_r0,0.03,1,0.00622481955123019,0,12000,1.0,0.00312848886076002,0.00622481955123019,0.0011987671023234725,1.1302661895751953,942.8571966852381,1,0.10974144920706749
E2-drift,mackey_drift_cohg_r0_lr0.03,mackey,cohg_r0,0.03,2,0.0068176507500217745,0,12000,1.0,0.0034075868118549502,0.0068176507500217745,0.0018822301644831896,0.27846235036849976,147.9427732181511,0,0.0672051215544343
E2-drift,mackey_drift_cohg_r0_lr0.03,mackey,cohg_r0,0.03,3,0.00666266584073121,0,12000,1.0,0.0033392208467727565,0.00666266584073121,0.0013724665623158216,1.2554512023925781,914.7408300237213,35,0.10231480453163386
E2-drift,mackey_drift_cohg_r0_lr0.03,mackey,cohg_r0,0.03,4,0.005872028142176218,0,12000,1.0,0.0029433088032722785,0.005872028142176218,0.0012216465547680855,0.5173535346984863,423.48871912195546,35,0.09104153959080577
E2-drift,mackey_drift_cohg_r0_lr0.03,mackey,cohg_r0,0.03,5,0.005589425861354867,0,12000,1.0,0.002811113663387611,0.005589425861354867,0.0011316647287458181,0.6885391473770142,608.4303326658386,0,0.09131563365459443
E2-drift,mackey_drift_cohg_r0_lr0.03,mackey,cohg_r0,0.03,6,0.007377619376581151,0,12000,1.0,0.0036839318175480003,0.007377619376581151,0.001504171988926828,0.6316587924957275,419.93787754709695,1,0.12737196244299412
E2-drift,mackey_drift_cohg_r0_lr0.03,mackey,cohg_r0,0.03,7,0.005860729274119545,0,12000,1.0,0.0029402795633019802,0.005860729274119545,0.001184028573334217,0.5767911076545715,487.1428955724703,32,0.08875542571768165
E2-drift,mackey_drift_cohg_r0_lr0.03,mackey,cohg_r0,0.03,8,0.007214354110166694,0,12000,1.0,0.003605666386152734,0.007214354110166694,0.0017435243353247643,0.27708977460861206,158.92509728405878,64,0.069124356508255
E2-drift,mackey_drift_cohg_r0_lr0.03,mackey,cohg_r0,0.03,9,0.00640354881817397,0,12000,1.0,0.0032149884193737916,0.00640354881817397,0.0013627770822495222,0.8126805424690247,596.3415095941746,39,0.09889989033341408
E2-drift,mackey_drift_fixed_lr0.003,mackey,fixed,0.003,0,0.048138808544917665,0,12000,1.0,0.024076802779784582,0.048138808544917665,0.010930731892585754,0.6689317226409912,61.1973406002871,0,0.41088435769081116
E2-drift,mackey_drift_fixed_lr0.003,mackey,fixed,0.003,1,0.05548127090600863,0,12000,1.0,0.027883946929185187,0.05548127090600863,0.013833868317306042,1.320812463760376,95.47672664398951,0,0.562577114701271
E2-drift,mackey_drift_fixed_lr0.003,mackey,fixed,0.003,2,0.04959964976364998,0,12000,1.0,0.024790814109493416,0.04959964976364998,0.01270265318453312,0.5694485902786255,44.82910632969118,0,0.35270134314894674
E2-drift,mackey_drift_fixed_lr0.003,mackey,fixed,0.003,3,0.05297609991656645,0,12000,1.0,0.026550768333700642,0.05297609991656646,0.012483210302889347,1.3124467134475708,105.13695448548148,0,0.4415016186237335
E2-drift,mackey_drift_fixed_lr0.003,mackey,fixed,0.003,4,0.05090977440770556,0,12000,1.0,0.02551813165038281,0.05090977440770556,0.011764861643314362,1.014061689376831,86.19410241454847,0,0.5179626986384391
E2-drift,mackey_drift_fixed_lr0.003,mackey,fixed,0.003,5,0.051665439900405674,0,12000,1.0,0.025984318896352002,0.051665439900405674,0.012325203977525234,1.1361700296401978,92.18265529008536,0,0.5227492393553257
E2-drift,mackey_drift_fixed_lr0.003,mackey,fixed,0.003,6,0.05346187487856786,0,12000,1.0,0.02669558997799565,0.05346187487856786,0.01237802766263485,1.4561412334442139,117.6391969004739,0,0.4791370803117752
E2-drift,mackey_drift_fixed_lr0.003,mackey,fixed,0.003,7,0.05205858370659469,0,12000,1.0,0.02611736229531622,0.052058583706594684,0.013133209198713303,1.0745989084243774,81.8230252914618,0,0.49490151286125184
E2-drift,mackey_drift_fixed_lr0.003,mackey,fixed,0.003,8,0.0535251773353632,0,12000,1.0,0.02675138062033996,0.0535251773353632,0.013403483666479588,0.583335280418396,43.52116919254683,0,0.37474424988031385
E2-drift,mackey_drift_fixed_lr0.003,mackey,fixed,0.003,9,0.05385016576941364,0,12000,1.0,0.027036205117804153,0.05385016576941364,0.014262126758694649,1.1513375043869019,80.72691568843403,0,0.550906917154789
E2-drift,mackey_drift_fixed_lr0.03,mackey,fixed,0.03,0,0.009408354693864102,0,12000,1.0,0.004705623327487653,0.009408354693864102,0.002161710523068905,0.40804523229599,188.7603487800496,0,0.12788468260318042
E2-drift,mackey_drift_fixed_lr0.03,mackey,fixed,0.03,1,0.010085887009857625,0,12000,1.0,0.005068995960692216,0.010085887009857625,0.0020120558328926563,1.1302661895751953,561.7469312222089,1,0.16045524969696998
E2-drift,mackey_drift_fixed_lr0.03,mackey,fixed,0.03,2,0.009656045859526566,0,12000,1.0,0.004826268715141244,0.009656045859526566,0.002312941011041403,0.321098655462265,138.8269972858885,0,0.11366887986660004
E2-drift,mackey_drift_fixed_lr0.03,mackey,fixed,0.03,3,0.010195005582987615,0,12000,1.0,0.0051095726529698975,0.010195005582987615,0.0021904977038502693,1.2554512023925781,573.1351373643778,3,0.14277754876762627
E2-drift,mackey_drift_fixed_lr0.03,mackey,fixed,0.03,4,0.009931684296233732,0,12000,1.0,0.004978180130041437,0.009931684296233732,0.0021663843654096127,0.6469743251800537,298.6424456851755,24,0.14713252352550626
E2-drift,mackey_drift_fixed_lr0.03,mackey,fixed,0.03,5,0.009835942598153888,0,12000,1.0,0.004946832343038598,0.009835942598153888,0.0021086193155497313,0.6942446231842041,329.24132775631426,0,0.14307754404842854
E2-drift,mackey_drift_fixed_lr0.03,mackey,fixed,0.03,6,0.01022701099324543,0,12000,1.0,0.005106743689708916,0.01022701099324543,0.002304711611941457,0.9526063203811646,413.32994351458245,1,0.15708927668631076
E2-drift,mackey_drift_fixed_lr0.03,mackey,fixed,0.03,7,0.01011904470397174,0,12000,1.0,0.005076641310598158,0.01011904470397174,0.0021181281190365553,0.5859543085098267,276.6378026161854,28,0.14444237191230058
E2-drift,mackey_drift_fixed_lr0.03,mackey,fixed,0.03,8,0.010490037458043975,0,12000,1.0,0.005242822139635488,0.010490037458043975,0.0021654199808835983,0.48230066895484924,222.7284652458258,58,0.12642541084438563
E2-drift,mackey_drift_fixed_lr0.03,mackey,fixed,0.03,9,0.010328759960769962,0,12000,1.0,0.005185693839972373,0.010328759960769962,0.002285262104123831,0.8126805424690247,355.61808905968195,26,0.15008578572422265
E2-drift,mackey_drift_fmd_lr0.003,mackey,fmd,0.003,0,0.013680158138534402,0,12000,1.0,0.00684218158807198,0.013680158138534402,0.0028077377937734127,0.6472134590148926,230.5106482700013,0,0.349340056180954
E2-drift,mackey_drift_fmd_lr0.003,mackey,fmd,0.003,1,0.011974576039731276,0,12000,1.0,0.006018219073550426,0.011974576039731276,0.002449836116284132,1.3199365139007568,538.7856375890209,0,0.32753231439739466
E2-drift,mackey_drift_fmd_lr0.003,mackey,fmd,0.003,2,0.014811146684899398,0,12000,1.0,0.007402882600249238,0.014811146684899398,0.0033063506707549095,0.5604010820388794,169.4923309241509,0,0.3102950049936771
E2-drift,mackey_drift_fmd_lr0.003,mackey,fmd,0.003,3,0.014132869433134897,0,12000,1.0,0.007083166612879723,0.014132869433134897,0.003120956476777792,1.3124467134475708,420.5270798273344,3,0.3302269659563899
E2-drift,mackey_drift_fmd_lr0.003,mackey,fmd,0.003,4,0.013330185419422875,0,12000,1.0,0.006681652598432265,0.013330185419422875,0.0029855200555175543,1.0046226978302002,336.49839195471225,20,0.3222142996639013
E2-drift,mackey_drift_fmd_lr0.003,mackey,fmd,0.003,5,0.011777650922440572,0,12000,1.0,0.005923383949319638,0.011777650922440572,0.0025665098801255226,1.1326990127563477,441.33826311276454,0,0.2999587034061551
E2-drift,mackey_drift_fmd_lr0.003,mackey,fmd,0.003,6,0.01422039000420654,0,12000,1.0,0.007100792888377327,0.014220390004206543,0.0030330775771290064,1.4538421630859375,479.32903993246623,0,0.3578355823457241
E2-drift,mackey_drift_fmd_lr0.003,mackey,fmd,0.003,7,0.012561648630543673,0,12000,1.0,0.0063020755640948965,0.012561648630543673,0.002553042722865939,1.0591866970062256,414.8722963073751,28,0.32103297125548125
E2-drift,mackey_drift_fmd_lr0.003,mackey,fmd,0.003,8,0.01674838596658428,0,12000,1.0,0.00837068901437063,0.01674838596658428,0.003116616513580084,0.5830778479576111,187.08681206589148,28,0.3404837054014206
E2-drift,mackey_drift_fmd_lr0.003,mackey,fmd,0.003,9,0.012031978704560993,0,12000,1.0,0.006040817874411005,0.012031978704560995,0.002655790653079748,1.134934902191162,427.34351100869026,25,0.31279012221843006
E2-drift,mackey_drift_fmd_lr0.03,mackey,fmd,0.03,0,0.005365659060903215,0,12000,1.0,0.0026836541845938577,0.005365659060903215,0.0012580323964357376,0.41316530108451843,328.4218294020885,0,0.09024088637903332
E2-drift,mackey_drift_fmd_lr0.03,mackey,fmd,0.03,1,0.004579478110802941,0,12000,1.0,0.002301568124157105,0.004579478110802941,0.0008554345113225281,1.1302661895751953,1321.2772861218434,20,0.10280959864147007
E2-drift,mackey_drift_fmd_lr0.03,mackey,fmd,0.03,2,0.005333280416955559,0,12000,1.0,0.002665671310998732,0.005333280416955559,0.0011426903074607253,0.3227638006210327,282.4595592643777,0,0.08561334520578384
E2-drift,mackey_drift_fmd_lr0.03,mackey,fmd,0.03,3,0.0052836184660694585,0,12000,1.0,0.0026480645060170597,0.0052836184660694585,0.0010385202476754785,1.2554512023925781,1208.884665660257,39,0.09929632142186165
E2-drift,mackey_drift_fmd_lr0.03,mackey,fmd,0.03,4,0.004909066870862419,0,12000,1.0,0.0024606318953210573,0.004909066870862419,0.0009294438641518354,0.575472354888916,619.1577319347454,34,0.09903119634836913
E2-drift,mackey_drift_fmd_lr0.03,mackey,fmd,0.03,5,0.0047778726541069325,0,12000,1.0,0.0024029557655909834,0.0047778726541069325,0.0009017871343530715,0.6885391473770142,763.5273571195511,0,0.09888809906318784
E2-drift,mackey_drift_fmd_lr0.03,mackey,fmd,0.03,6,0.005348096547954378,0,12000,1.0,0.0026705122656324725,0.005348096547954378,0.0010377278085798025,0.8745831251144409,842.7866323745958,25,0.11116597788408399
E2-drift,mackey_drift_fmd_lr0.03,mackey,fmd,0.03,7,0.005157443157509871,0,12000,1.0,0.002587446716210252,0.005157443157509871,0.0010067110415548086,0.5767911076545715,572.9460429516598,33,0.09903111649677157
E2-drift,mackey_drift_fmd_lr0.03,mackey,fmd,0.03,8,0.005875959320917759,0,12000,1.0,0.002936749248276707,0.005875959320917759,0.001089366152882576,0.47032269835472107,431.7397755660008,64,0.09322642389684915
E2-drift,mackey_drift_fmd_lr0.03,mackey,fmd,0.03,9,0.005221601995596915,0,12000,1.0,0.0026215760077878563,0.005221601995596915,0.001050337334163487,0.8126805424690247,773.7328913631945,62,0.10022003438323736
E2-drift,mackey_drift_hd_lr0.003,mackey,hd,0.003,0,0.010150391699513456,0,12000,1.0,0.005076755874809654,0.010150391699513456,0.0034448851365596056,0.8445813655853271,245.16967390930412,0,0.10774383464828134
E2-drift,mackey_drift_hd_lr0.003,mackey,hd,0.003,1,0.006439539934597934,0,12000,1.0,0.003236403688172383,0.006439539934597934,0.0017122420249506831,1.3804736137390137,806.2374323389095,1,0.1331470009777695
E2-drift,mackey_drift_hd_lr0.003,mackey,hd,0.003,2,0.009327761292223988,0,12000,1.0,0.0046621860709735,0.009327761292223988,0.0035848093684762716,0.6093358993530273,169.97721126019775,0,0.10182966228574514
E2-drift,mackey_drift_hd_lr0.003,mackey,hd,0.003,3,0.009411714135425875,0,12000,1.0,0.004716999590877094,0.009411714135425875,0.002326104324311018,1.3124467134475708,564.2252154087336,3,0.12319530772045255
E2-drift,mackey_drift_hd_lr0.003,mackey,hd,0.003,4,0.005509974730617526,0,12000,1.0,0.0027618323239888315,0.005509974730617526,0.0011459129163995385,1.002182126045227,874.570930916885,92,0.1019624002277851
E2-drift,mackey_drift_hd_lr0.003,mackey,hd,0.003,5,0.005261765948020864,0,12000,1.0,0.002646322272972005,0.005261765948020864,0.0014710171381011605,0.9614495038986206,653.5950391031424,0,0.08997915296815336
E2-drift,mackey_drift_hd_lr0.003,mackey,hd,0.003,6,0.01188113585665668,0,12000,1.0,0.005932712461405269,0.011881135856656682,0.004417125601321459,0.8607645034790039,194.86982738763223,0,0.12617497988045215
E2-drift,mackey_drift_hd_lr0.003,mackey,hd,0.003,7,0.0044995900947373746,0,12000,1.0,0.0022574072576965892,0.0044995900947373746,0.0007832420524209738,0.8942896127700806,1141.7793643814996,41,0.10484874025918543
E2-drift,mackey_drift_hd_lr0.003,mackey,hd,0.003,8,0.00813693691306252,0,12000,1.0,0.004066764600912696,0.00813693691306252,0.002464013174176216,0.6205520629882812,251.84608162484682,36,0.10673702292144299
E2-drift,mackey_drift_hd_lr0.003,mackey,hd,0.003,9,0.016881548156231687,0,12000,1.0,0.008475609910140822,0.016881548156231687,0.004217079374939203,1.0052485466003418,238.37553368670805,22,0.12804072052240373
E2-drift,mackey_drift_hd_lr0.03,mackey,hd,0.03,0,0.004431215800251544,0,12000,1.0,0.0022162889386381722,0.004431215800251544,0.0013861171901226044,0.29907310009002686,215.7632141215804,0,0.03789869535714388
E2-drift,mackey_drift_hd_lr0.03,mackey,hd,0.03,1,0.029892969868117125,0,12000,1.0,0.015023700282035861,0.029892969868117125,0.0073104128241539,2.5726470947265625,351.9154330418157,0,0.5414083491452039
E2-drift,mackey_drift_hd_lr0.03,mackey,hd,0.03,2,0.004611000311373045,0,12000,1.0,0.002304662474891908,0.004611000311373045,0.001515114214271307,0.2733001708984375,180.38255355546315,0,0.03539864506572485
E2-drift,mackey_drift_hd_lr0.03,mackey,hd,0.03,3,0.021293985499216368,0,12000,1.0,0.010672202687273966,0.021293985499216368,0.003439109306782484,3.858381748199463,1121.9130897032278,3,0.5435909651219845
E2-drift,mackey_drift_hd_lr0.03,mackey,hd,0.03,4,0.00695892657485484,0,12000,1.0,0.0034881082571761603,0.006958926574854841,0.0021906497422605753,0.7840456962585449,357.9055478989866,30,0.0646805988624692
E2-drift,mackey_drift_hd_lr0.03,mackey,hd,0.03,5,0.09369015952196046,0,12000,1.0,0.04711998943900592,0.09369015952196046,0.02312406525015831,1.193652629852295,51.619497564085236,0,0.2542877845466137
E2-drift,mackey_drift_hd_lr0.03,mackey,hd,0.03,6,0.016393280782204415,0,12000,1.0,0.00818580162311749,0.016393280782204415,0.006791565101593733,0.2860959470272064,42.1251865729845,0,0.07016086488962174
E2-drift,mackey_drift_hd_lr0.03,mackey,hd,0.03,7,0.006939441898908688,0,12000,1.0,0.0034814607946803636,0.006939441898908688,0.002313006902113557,0.9594879150390625,414.8227634609784,28,0.07454505767673254
E2-drift,mackey_drift_hd_lr0.03,mackey,hd,0.03,8,0.003746525466295621,0,12000,1.0,0.0018724782194500828,0.003746525466295621,0.0007061260403133929,0.2867983281612396,406.1574163642978,70,0.05058399185538292
E2-drift,mackey_drift_hd_lr0.03,mackey,hd,0.03,9,0.03214448087020789,0,12000,1.0,0.01613857201356829,0.03214448087020789,0.011137783527374268,1.251089096069336,112.32837242656306,0,0.1564214664697647
E2-drift,mackey_drift_hd_scalar_lr0.03,mackey,hd_scalar,0.03,0,0.0049301556026774334,0,12000,1.0,0.002465835522467387,0.0049301556026774334,0.0018815837102010846,0.12939009070396423,68.7665874244502,0,0.026622257996350526
E2-drift,mackey_drift_hd_scalar_lr0.03,mackey,hd_scalar,0.03,1,4.3029811598172505e+32,1,194,0.016166666666666666,1.337582612293392e+34,2.6614160276622267e+34,1.306747555732727,1.3048089253600694e+36,9.985164461458889e+35,31,2.5949102678491803e+34
E2-drift,mackey_drift_hd_scalar_lr0.03,mackey,hd_scalar,0.03,2,0.13497832016743191,0,12000,1.0,0.06746463856151726,0.13497832016743191,0.009450689889490604,0.9748888611793518,103.1553116840128,0,0.6448513576388359
E2-drift,mackey_drift_hd_scalar_lr0.03,mackey,hd_scalar,0.03,3,4.445724475138877e+29,1,34,0.0028333333333333335,7.863317121852543e+31,1.5689484699173936e+32,3394059.0,1.33870866796822e+33,3.9442704678033586e+26,0,7.863317121852543e+31
E2-drift,mackey_drift_hd_scalar_lr0.03,mackey,hd_scalar,0.03,4,0.07146221290982523,0,12000,1.0,0.035819882886469714,0.07146221290982523,0.0023075598292052746,1.7145789861679077,743.0268825395569,24,1.2455320543050765
E2-drift,mackey_drift_hd_scalar_lr0.03,mackey,hd_scalar,0.03,5,2.1740036334208913e+32,1,147,0.01225,8.924814336270975e+33,1.7745489522052566e+34,2.50276517868042,6.790024660303485e+35,2.713009082171871e+35,29,1.3119477074318334e+34
E2-drift,mackey_drift_hd_scalar_lr0.03,mackey,hd_scalar,0.03,6,0.18360692334420595,0,12000,1.0,0.09168206603025707,0.18360692334420595,0.06177796050906181,0.9908864498138428,16.03948142102386,0,0.7955905854701996
E2-drift,mackey_drift_hd_scalar_lr0.03,mackey,hd_scalar,0.03,7,7.536011579111517e+33,1,572,0.04766666666666667,1.0607932511691256e+32,2.1144322936195663e+32,0.9076529741287231,3.037180909071349e+34,3.346191766723189e+34,32,6.067737396687398e+32
E2-drift,mackey_drift_hd_scalar_lr0.03,mackey,hd_scalar,0.03,8,0.08812827252820357,0,12000,1.0,0.04404568240930287,0.08812827252820357,0.0023618373088538647,0.7474935054779053,316.48814364806674,53,0.4834171798825264
E2-drift,mackey_drift_hd_scalar_lr0.03,mackey,hd_scalar,0.03,9,3.77015929766134e+30,1,91,0.007583333333333333,2.495870509974808e+32,4.9712243310591665e+32,3.659903049468994,1.1450367245391421e+34,3.128598514939549e+33,0,2.495870509974808e+32
E2-drift,mackey_drift_hdm_lr0.003,mackey,hdm,0.003,0,0.004834949985041451,0,12000,1.0,0.002418218081391539,0.004834949985041451,0.00011303849169053137,0.4872640371322632,4310.602785343771,35,0.2133463566750288
E2-drift,mackey_drift_hdm_lr0.003,mackey,hdm,0.003,1,0.007595487903547825,0,12000,1.0,0.003817363556119593,0.007595487903547825,0.00013567056157626212,1.316117286682129,9700.831716114943,119,0.3636442731693387
E2-drift,mackey_drift_hdm_lr0.003,mackey,hdm,0.003,2,0.003986780629880713,0,12000,1.0,0.001992666036185104,0.003986780629880713,0.00012520926247816533,0.35120928287506104,2804.9784490688685,101,0.15889594584703445
E2-drift,mackey_drift_hdm_lr0.003,mackey,hdm,0.003,3,0.0065677248815308375,0,12000,1.0,0.003291637966623436,0.006567724881530837,0.00013849377864971757,1.3124467134475708,9476.575238567564,173,0.2925423653796315
E2-drift,mackey_drift_hdm_lr0.003,mackey,hdm,0.003,4,0.006685321004784478,0,12000,1.0,0.0033509655760591765,0.006685321004784478,0.0001282035664189607,0.956203818321228,7458.480641610373,131,0.3095661737769842
E2-drift,mackey_drift_hdm_lr0.003,mackey,hdm,0.003,5,0.00665646837141583,0,12000,1.0,0.0033477658804840758,0.00665646837141583,0.00011657735012704507,1.1141204833984375,9556.920638393975,56,0.3175362741202116
E2-drift,mackey_drift_hdm_lr0.003,mackey,hdm,0.003,6,0.00630205840126813,0,12000,1.0,0.0031468624604969286,0.00630205840126813,0.00011437165085226297,1.4281413555145264,12486.847438787921,95,0.2942325861752033
E2-drift,mackey_drift_hdm_lr0.003,mackey,hdm,0.003,7,0.006832675533112376,0,12000,1.0,0.0034278969887691344,0.006832675533112376,0.00013746364857070148,0.9986912608146667,7265.129881235557,138,0.30554948318749664
E2-drift,mackey_drift_hdm_lr0.003,mackey,hdm,0.003,8,0.004887570585056957,0,12000,1.0,0.002442762752477999,0.004887570585056957,0.00016666814917698503,0.5458682775497437,3275.1805323648596,187,0.17666353389620781
E2-drift,mackey_drift_hdm_lr0.003,mackey,hdm,0.003,9,0.007459147268249622,0,12000,1.0,0.0037449659156083425,0.0074591472682496215,0.00013250754273030907,1.097962498664856,8286.037730693755,131,0.3419709825515747
E2-drift,mackey_drift_hdm_lr0.03,mackey,hdm,0.03,0,0.0019413664311961328,0,12000,1.0,0.0009709815863761833,0.0019413664311961328,0.00011171983351232484,0.38005518913269043,3401.85960884701,35,0.0708010863699019
E2-drift,mackey_drift_hdm_lr0.03,mackey,hdm,0.03,1,0.0029123637226002976,0,12000,1.0,0.0014637046728263763,0.0029123637226002976,0.00013601807586383075,1.1302661895751953,8309.676360270805,114,0.1200808933004737
E2-drift,mackey_drift_hdm_lr0.03,mackey,hdm,0.03,2,0.001705081976406507,0,12000,1.0,0.0008522312258245013,0.001705081976406507,0.00012314607738517225,0.2551021873950958,2071.541317529714,100,0.054387356182560326
E2-drift,mackey_drift_hdm_lr0.03,mackey,hdm,0.03,3,0.0027803199728462583,0,12000,1.0,0.0013934516057026182,0.0027803199728462583,0.00013582358951680362,1.2554512023925781,9243.248590755718,173,0.10563895686529577
E2-drift,mackey_drift_hdm_lr0.03,mackey,hdm,0.03,4,0.002644352685729124,0,12000,1.0,0.0013254613824072597,0.002644352685729124,0.00012756857904605567,0.5178921222686768,4059.7153792996614,132,0.09859606370329857
E2-drift,mackey_drift_hdm_lr0.03,mackey,hdm,0.03,5,0.0024427439088166667,0,12000,1.0,0.0012285395581876249,0.0024427439088166667,0.00011580089631024748,0.6885391473770142,5945.887893063603,56,0.10231727816164493
E2-drift,mackey_drift_hdm_lr0.03,mackey,hdm,0.03,6,0.002536388820866897,0,12000,1.0,0.0012665174227508942,0.002536388820866897,0.00011692059342749417,0.8360956907272339,7150.970297167718,92,0.10234044943936169
E2-drift,mackey_drift_hdm_lr0.03,mackey,hdm,0.03,7,0.0028419721511324055,0,12000,1.0,0.0014257940001337678,0.002841972151132405,0.00013803786714561284,0.5767911076545715,4178.499129127578,138,0.10110141698271036
E2-drift,mackey_drift_hdm_lr0.03,mackey,hdm,0.03,8,0.0025001166355575763,0,12000,1.0,0.0012495347991842512,0.0025001166355575763,0.00016487119137309492,0.26770251989364624,1623.7070749846732,182,0.06117616852745414
E2-drift,mackey_drift_hdm_lr0.03,mackey,hdm,0.03,9,0.002962438788274516,0,12000,1.0,0.0014873325194891245,0.0029624387882745155,0.0001304698525927961,0.8126805424690247,6228.8760684466115,138,0.11117300907149912
E2-drift,mackey_drift_tfmd_lr0.003,mackey,tfmd,0.003,0,0.014176732754724725,0,12000,1.0,0.007090545215275293,0.014176732754724725,0.006885966286063194,0.46439328789711,67.44054045646661,0,0.053689203560352325
E2-drift,mackey_drift_tfmd_lr0.003,mackey,tfmd,0.003,1,8.475863203107701e+34,1,402,0.0335,1.137801172577663e+33,2.263906729318978e+33,0.2977041006088257,4.594111852151739e+34,1.5431805751941137e+35,133,4.573960713762205e+33
E2-drift,mackey_drift_tfmd_lr0.003,mackey,tfmd,0.003,2,0.008317367783235819,0,12000,1.0,0.004157172874748843,0.008317367783235819,0.0035768828820437193,0.3595350980758667,100.51631823920373,0,0.061907638376578686
E2-drift,mackey_drift_tfmd_lr0.003,mackey,tfmd,0.003,3,0.025989371043192006,0,12000,1.0,0.013025454323612696,0.025989371043192006,0.001807031687349081,1.8149635791778564,1004.3894591801052,30,0.22413015812635423
E2-drift,mackey_drift_tfmd_lr0.003,mackey,tfmd,0.003,4,0.0044258954614095,0,12000,1.0,0.0022184459540245975,0.0044258954614095,0.0006663469830527902,5.0985870361328125,7651.549666773063,55,0.1563980775885284
E2-drift,mackey_drift_tfmd_lr0.003,mackey,tfmd,0.003,5,0.015745305698089525,0,12000,1.0,0.007918853399831277,0.015745305698089525,0.0009698740905150771,7.6954803466796875,7934.514822014475,0,0.3990302284620702
E2-drift,mackey_drift_tfmd_lr0.003,mackey,tfmd,0.003,6,0.012295551860638267,0,12000,1.0,0.006139646464328204,0.012295551860638267,0.004678916651755571,0.7921217679977417,169.2959774567753,0,0.09134310824796557
E2-drift,mackey_drift_tfmd_lr0.003,mackey,tfmd,0.003,7,0.0063936040670982885,0,12000,1.0,0.0032076184538218514,0.0063936040670982885,0.0014197439886629581,0.6867556571960449,483.7179538564527,28,0.08746339410543441
E2-drift,mackey_drift_tfmd_lr0.003,mackey,tfmd,0.003,8,0.0068271851937845626,0,12000,1.0,0.0034121642655421357,0.0068271851937845626,0.0019004603382200003,0.9925568103790283,522.2717835346524,64,0.10185617506504059
E2-drift,mackey_drift_tfmd_lr0.003,mackey,tfmd,0.003,9,0.03751943598569782,0,12000,1.0,0.018837141014412435,0.03751943598569782,0.012970625422894955,1.0052485466003418,77.50193331664165,4,0.1678655700944364
E2-drift,mackey_drift_tfmd_lr0.03,mackey,tfmd,0.03,0,0.002045746851398684,0,12000,1.0,0.0010231878388209832,0.002045746851398684,0.00037448553484864533,0.20360314846038818,543.687618115017,5,0.03284341397229582
E2-drift,mackey_drift_tfmd_lr0.03,mackey,tfmd,0.03,1,0.04277030080110787,0,12000,1.0,0.021495628672670138,0.04277030080110787,0.003804595675319433,7.551861763000488,1984.9314900896625,33,1.363757983148098
E2-drift,mackey_drift_tfmd_lr0.03,mackey,tfmd,0.03,2,0.01798916246547762,0,12000,1.0,0.008991313140157824,0.01798916246547762,0.009954532608389854,0.20224151015281677,20.316524954909895,0,0.0401990407332778
E2-drift,mackey_drift_tfmd_lr0.03,mackey,tfmd,0.03,3,2.6010892511346564e+25,1,106,0.008833333333333334,7.444185280200324e+26,1.4853201167092524e+27,113870655979520.0,2.1200875430183957e+28,186183835052263.2,6,7.890836397012343e+26
E2-drift,mackey_drift_tfmd_lr0.03,mackey,tfmd,0.03,4,0.006437995903578558,0,12000,1.0,0.0032269957772053507,0.006437995903578558,0.002147599821910262,0.8762522339820862,408.0146706301508,30,0.05588273664005101
E2-drift,mackey_drift_tfmd_lr0.03,mackey,tfmd,0.03,5,0.03276352649210636,0,12000,1.0,0.016477899388470784,0.03276352649210636,0.006053208839148283,1.8174536228179932,300.2463108597651,0,0.2789611623436212
E2-drift,mackey_drift_tfmd_lr0.03,mackey,tfmd,0.03,6,0.0021237657762891173,0,12000,1.0,0.0010604787150074724,0.0021237657762891173,0.0003869531792588532,0.2860959470272064,739.3554630438167,43,0.047524452633224426
E2-drift,mackey_drift_tfmd_lr0.03,mackey,tfmd,0.03,7,0.0039301401144978265,0,12000,1.0,0.001971718896929815,0.0039301401144978265,0.0006789664621464908,0.8527852296829224,1256.0049387224801,33,0.10991875944193452
E2-drift,mackey_drift_tfmd_lr0.03,mackey,tfmd,0.03,8,0.0030797844101849783,0,12000,1.0,0.0015392473054174237,0.0030797844101849783,0.0006123630446381867,0.27886539697647095,455.3922700238025,86,0.0407584838848561
E2-drift,mackey_drift_tfmd_lr0.03,mackey,tfmd,0.03,9,0.10904617415324253,0,12000,1.0,0.05474810874943311,0.10904617415324253,0.04547084867954254,1.8806535005569458,41.35954254583898,0,0.8250164671242237
