regime,arm,method,lr0,ewc0,seed,avg_acc,bwt,collapse,events_stored,n_nonfinite,losses_available,n_spike,max_excess,worst_window_mean,min_task_acc,max_forget,worst_running_avg_acc,final_task_acc,gate_open_frac
E3,cifar100_cohg_lr0.05_ewc1000,cohg,0.05,1000,0,0.34020001739263533,-0.10077778001626332,0,0,0,0,NA,NA,NA,0.23900000751018524,0.14300000667572021,0.31975001841783524,0.44200003147125244,0.0006578947368421052
E3,cifar100_cohg_lr0.05_ewc1000,cohg,0.05,1000,1,0.3732000157237053,-0.059222223030196294,0,0,0,0,NA,NA,NA,0.1860000044107437,0.1340000033378601,0.25699999928474426,0.4540000259876251,0.0006578947368421052
E3,cifar100_cohg_lr0.05_ewc1000,cohg,0.05,1000,2,0.3866000175476074,-0.07455555597941081,0,2,2,0,NA,NA,NA,0.20100000500679016,0.1419999897480011,0.32600000500679016,0.5530000329017639,0.000986842105263158
E3,cifar100_cohg_lr0.05_ewc1000,cohg,0.05,1000,3,0.10000000149011612,-0.26866668462753296,1,401,401,0,NA,NA,NA,0.10000000149011612,0.4690000042319298,0.10000000149011612,0.10000000149011612,0.0006578947368421052
E3,cifar100_cohg_lr0.05_ewc1000,cohg,0.05,1000,4,0.36870001554489135,-0.05600000090069241,0,0,0,0,NA,NA,NA,0.2150000035762787,0.13100001215934753,0.3357500098645687,0.5509999990463257,0.0006578947368421052
E3,cifar100_cohg_lr0.05_ewc1000,cohg,0.05,1000,5,0.10000000149011612,-0.27577779359287685,1,664,664,0,NA,NA,NA,0.10000000149011612,0.38600002974271774,0.10000000149011612,0.10000000149011612,0.0006578947368421052
E3,cifar100_cohg_lr0.05_ewc1000,cohg,0.05,1000,6,0.39120001792907716,-0.03388888968361749,0,0,0,0,NA,NA,NA,0.24500000476837158,0.19300001859664917,0.31200001388788223,0.4360000193119049,0.0006578947368421052
E3,cifar100_cohg_lr0.05_ewc1000,cohg,0.05,1000,7,0.38660002648830416,-0.07466666234864129,0,0,0,0,NA,NA,NA,0.15900000929832458,0.14900001883506775,0.30800001323223114,0.4750000238418579,0.0006578947368421052
E3,cifar100_cohg_lr0.05_ewc1000,cohg,0.05,1000,8,0.30300001353025435,-0.15555556118488312,0,2,2,0,NA,NA,NA,0.14300000667572021,0.25,0.2485000118613243,0.492000013589859,0.000986842105263158
E3,cifar100_cohg_lr0.05_ewc1000,cohg,0.05,1000,9,0.37440002262592315,-0.04933333065774706,0,3,3,0,NA,NA,NA,0.30800002813339233,0.09000000357627869,0.3160000145435333,0.4190000295639038,0.0006578947368421052
E3,cifar100_cohg_lr0.05_ewc10,cohg,0.05,10,0,0.34420001655817034,-0.0948888940943612,0,0,0,0,NA,NA,NA,0.23400001227855682,0.16099998354911804,0.2720000147819519,0.46000000834465027,0.0006578947368421052
E3,cifar100_cohg_lr0.05_ewc10,cohg,0.05,10,1,0.3940000176429749,-0.07444444961018032,0,0,0,0,NA,NA,NA,0.19100001454353333,0.13399997353553772,0.27400001883506775,0.5,0.0006578947368421052
E3,cifar100_cohg_lr0.05_ewc10,cohg,0.05,10,2,0.3849000155925751,-0.07877778675821093,0,0,0,0,NA,NA,NA,0.21900001168251038,0.1820000410079956,0.2900000214576721,0.5410000085830688,0.0006578947368421052
E3,cifar100_cohg_lr0.05_ewc10,cohg,0.05,10,3,0.3931000158190727,-0.050222229626443654,0,0,0,0,NA,NA,NA,0.20900000631809235,0.2030000388622284,0.28600001335144043,0.49900001287460327,0.0006578947368421052
E3,cifar100_cohg_lr0.05_ewc10,cohg,0.05,10,4,0.35400001853704455,-0.07688889073001014,0,0,0,0,NA,NA,NA,0.20000000298023224,0.1340000182390213,0.3170000106096268,0.5800000429153442,0.0006578947368421052
E3,cifar100_cohg_lr0.05_ewc10,cohg,0.05,10,5,0.3939000189304352,-0.08266667856110467,0,0,0,0,NA,NA,NA,0.27900001406669617,0.16899999976158142,0.30800002813339233,0.6000000238418579,0.0006578947368421052
E3,cifar100_cohg_lr0.05_ewc10,cohg,0.05,10,6,0.3869000166654587,-0.0423333379957411,0,0,0,0,NA,NA,NA,0.27400001883506775,0.13300001621246338,0.3397500142455101,0.4870000183582306,0.0006578947368421052
E3,cifar100_cohg_lr0.05_ewc10,cohg,0.05,10,7,0.3956000179052353,-0.07377777828110589,0,0,0,0,NA,NA,NA,0.16100001335144043,0.15000000596046448,0.29350001364946365,0.4960000216960907,0.0006578947368421052
E3,cifar100_cohg_lr0.05_ewc10,cohg,0.05,10,8,0.37390001863241196,-0.08144445386197832,0,0,0,0,NA,NA,NA,0.1810000091791153,0.12800000607967377,0.2540000081062317,0.5670000314712524,0.0006578947368421052
E3,cifar100_cohg_lr0.05_ewc10,cohg,0.05,10,9,0.3820000201463699,-0.05511111352178785,0,0,0,0,NA,NA,NA,0.2990000247955322,0.10300001502037048,0.3150000274181366,0.4930000305175781,0.0006578947368421052
E3,cifar100_cohg_lr0.4_ewc10,cohg,0.4,10,0,0.3262000173330307,-0.08144444227218628,0,0,0,0,NA,NA,NA,0.17900000512599945,0.1379999816417694,0.2600000202655792,0.45600003004074097,0.0006578947368421052
E3,cifar100_cohg_lr0.4_ewc10,cohg,0.4,10,1,0.3311000183224678,-0.09044443898730808,0,0,0,0,NA,NA,NA,0.1300000101327896,0.125,0.2200000137090683,0.46000000834465027,0.0006578947368421052
E3,cifar100_cohg_lr0.4_ewc10,cohg,0.4,10,2,0.3448000133037567,-0.07200000683466594,0,0,0,0,NA,NA,NA,0.16600000858306885,0.1459999978542328,0.2932000130414963,0.5260000228881836,0.0006578947368421052
E3,cifar100_cohg_lr0.4_ewc10,cohg,0.4,10,3,0.29400001764297484,-0.05744444496101803,0,0,0,0,NA,NA,NA,0.15900000929832458,0.12199999392032623,0.19500000774860382,0.4010000228881836,0.0006578947368421052
E3,cifar100_cohg_lr0.4_ewc10,cohg,0.4,10,4,0.23520001396536827,-0.15600000901354683,0,0,0,0,NA,NA,NA,0.11400000751018524,0.2070000022649765,0.23520001396536827,0.5060000419616699,0.0006578947368421052
E3,cifar100_cohg_lr0.4_ewc10,cohg,0.4,10,5,0.29890000969171526,-0.08188889589574602,0,0,0,0,NA,NA,NA,0.1290000081062317,0.13500000536441803,0.17775000631809235,0.5230000019073486,0.0006578947368421052
E3,cifar100_cohg_lr0.4_ewc10,cohg,0.4,10,6,0.29880001544952395,-0.03855555421776242,0,0,0,0,NA,NA,NA,0.15900000929832458,0.12099999189376831,0.22700000802675882,0.4020000100135803,0.0006578947368421052
E3,cifar100_cohg_lr0.4_ewc10,cohg,0.4,10,7,0.3639000177383423,-0.039222228858206004,0,0,0,0,NA,NA,NA,0.1810000091791153,0.10200001299381256,0.24000000953674316,0.4650000333786011,0.0006578947368421052
E3,cifar100_cohg_lr0.4_ewc10,cohg,0.4,10,8,0.3769000232219696,-0.05466666486528185,0,0,0,0,NA,NA,NA,0.1510000079870224,0.1300000101327896,0.2620000094175339,0.5700000524520874,0.0006578947368421052
E3,cifar100_cohg_lr0.4_ewc10,cohg,0.4,10,9,0.3791000172495842,-0.05944444570276472,0,0,0,0,NA,NA,NA,0.1510000079870224,0.11499999463558197,0.26600000262260437,0.4910000264644623,0.0006578947368421052
E3,cifar100_cohg_nogate_lr0.05_ewc1000,cohg_nogate,0.05,1000,0,0.2818000167608261,-0.07111110786596934,0,0,0,0,NA,NA,NA,0.17100000381469727,0.12000000476837158,0.2818000167608261,0.3360000252723694,1.0
E3,cifar100_cohg_nogate_lr0.05_ewc1000,cohg_nogate,0.05,1000,1,0.20400000959634781,-0.07766666511694591,0,0,0,0,NA,NA,NA,0.10400000214576721,0.16599999368190765,0.1944444543785519,0.2980000078678131,1.0
E3,cifar100_cohg_nogate_lr0.05_ewc1000,cohg_nogate,0.05,1000,2,0.3008000135421753,-0.03811111715104845,0,0,0,0,NA,NA,NA,0.2550000250339508,0.06800001859664917,0.27855556706587475,0.39400002360343933,1.0
E3,cifar100_cohg_nogate_lr0.05_ewc1000,cohg_nogate,0.05,1000,3,0.20580001473426818,-0.08222222162617578,0,0,0,0,NA,NA,NA,0.10300000756978989,0.11700000613927841,0.18042858370712825,0.3500000238418579,1.0
E3,cifar100_cohg_nogate_lr0.05_ewc1000,cohg_nogate,0.05,1000,4,0.22710001170635224,-0.10311111311117808,0,0,0,0,NA,NA,NA,0.13600000739097595,0.1730000078678131,0.22710001170635224,0.2900000214576721,1.0
E3,cifar100_cohg_nogate_lr0.05_ewc1000,cohg_nogate,0.05,1000,5,0.19250000715255738,-0.07522222730848524,0,0,0,0,NA,NA,NA,0.12600000202655792,0.14800000190734863,0.17675000708550215,0.29100000858306885,1.0
E3,cifar100_cohg_nogate_lr0.05_ewc1000,cohg_nogate,0.05,1000,6,0.2949000149965286,-0.0584444436762068,0,0,0,0,NA,NA,NA,0.21900001168251038,0.09000000357627869,0.24800001297678267,0.3330000042915344,1.0
E3,cifar100_cohg_nogate_lr0.05_ewc1000,cohg_nogate,0.05,1000,7,0.287600015103817,-0.0644444508685006,0,0,0,0,NA,NA,NA,0.15900000929832458,0.09700001776218414,0.287600015103817,0.33100003004074097,1.0
E3,cifar100_cohg_nogate_lr0.05_ewc1000,cohg_nogate,0.05,1000,8,0.23270001262426376,-0.07177777588367462,0,0,0,0,NA,NA,NA,0.17600001394748688,0.10899999737739563,0.2028571516275406,0.36400002241134644,1.0
E3,cifar100_cohg_nogate_lr0.05_ewc1000,cohg_nogate,0.05,1000,9,0.26200001388788224,-0.08144444392787085,0,2,2,0,NA,NA,NA,0.1940000057220459,0.15400001406669617,0.26200001388788224,0.3370000123977661,1.0
E3,cifar100_cohg_nogate_lr0.05_ewc10,cohg_nogate,0.05,10,0,0.3103000193834305,-0.04433333542611864,0,0,0,0,NA,NA,NA,0.14500001072883606,0.12400001287460327,0.2970000132918358,0.359000027179718,1.0
E3,cifar100_cohg_nogate_lr0.05_ewc10,cohg_nogate,0.05,10,1,0.18830001056194307,-0.0574444399939643,0,0,0,0,NA,NA,NA,0.11400000751018524,0.13899999856948853,0.18830001056194307,0.13500000536441803,1.0
E3,cifar100_cohg_nogate_lr0.05_ewc10,cohg_nogate,0.05,10,2,0.10000000149011612,-0.13700000610616472,1,153,153,0,NA,NA,NA,0.10000000149011612,0.315000019967556,0.10000000149011612,0.10000000149011612,1.0
E3,cifar100_cohg_nogate_lr0.05_ewc10,cohg_nogate,0.05,10,3,0.2087000072002411,-0.07611112131012811,0,0,0,0,NA,NA,NA,0.11300000548362732,0.12800000607967377,0.2087000072002411,0.30900001525878906,1.0
E3,cifar100_cohg_nogate_lr0.05_ewc10,cohg_nogate,0.05,10,4,0.2387000098824501,-0.06866667336887783,0,0,0,0,NA,NA,NA,0.18300001323223114,0.1290000081062317,0.2387000098824501,0.2900000214576721,1.0
E3,cifar100_cohg_nogate_lr0.05_ewc10,cohg_nogate,0.05,10,5,0.1584000088274479,-0.1532222272621261,0,0,0,0,NA,NA,NA,0.06599999964237213,0.29200001060962677,0.1450000051409006,0.29500001668930054,1.0
E3,cifar100_cohg_nogate_lr0.05_ewc10,cohg_nogate,0.05,10,6,0.1764000102877617,-0.15522222883171505,0,163,163,0,NA,NA,NA,0.10000000149011612,0.3150000274181366,0.11471429254327502,0.26200002431869507,1.0
E3,cifar100_cohg_nogate_lr0.05_ewc10,cohg_nogate,0.05,10,7,0.2637000098824501,-0.11377778483761682,0,0,0,0,NA,NA,NA,0.12700000405311584,0.19200000166893005,0.2637000098824501,0.35100001096725464,1.0
E3,cifar100_cohg_nogate_lr0.05_ewc10,cohg_nogate,0.05,10,8,0.24690001755952834,-0.06411111023690966,0,0,0,0,NA,NA,NA,0.1510000079870224,0.15700002014636993,0.2395000122487545,0.4140000343322754,1.0
E3,cifar100_cohg_nogate_lr0.05_ewc10,cohg_nogate,0.05,10,9,0.27570001035928726,-0.08455556134382884,0,0,0,0,NA,NA,NA,0.21800000965595245,0.12000000476837158,0.2696666792035103,0.3370000123977661,1.0
E3,cifar100_cohg_nogate_lr0.4_ewc10,cohg_nogate,0.4,10,0,0.13970000818371772,-0.01255555616484748,1,0,0,0,NA,NA,NA,0.09700000286102295,0.09600000828504562,0.11750000528991222,0.1380000114440918,1.0
E3,cifar100_cohg_nogate_lr0.4_ewc10,cohg_nogate,0.4,10,1,0.10520000457763672,-0.022333336373170216,1,0,0,0,NA,NA,NA,0.08500000089406967,0.0650000050663948,0.10500000417232513,0.10600000619888306,1.0
E3,cifar100_cohg_nogate_lr0.4_ewc10,cohg_nogate,0.4,10,2,0.13870000690221787,-0.03422222203678555,1,0,0,0,NA,NA,NA,0.12700000405311584,0.09199999272823334,0.12911111695898903,0.13500000536441803,1.0
E3,cifar100_cohg_nogate_lr0.4_ewc10,cohg_nogate,0.4,10,3,0.14560000449419022,-0.00788889080286026,1,0,0,0,NA,NA,NA,0.09400000423192978,0.056999996304512024,0.12175000458955765,0.16200000047683716,1.0
E3,cifar100_cohg_nogate_lr0.4_ewc10,cohg_nogate,0.4,10,4,0.1468000054359436,-0.00933333651887046,1,0,0,0,NA,NA,NA,0.1120000034570694,0.08000000566244125,0.14377778271834055,0.16200000047683716,1.0
E3,cifar100_cohg_nogate_lr0.4_ewc10,cohg_nogate,0.4,10,5,0.11620000749826431,-0.017111110190550487,1,0,0,0,NA,NA,NA,0.0950000062584877,0.050000011920928955,0.10880000442266465,0.17600001394748688,1.0
E3,cifar100_cohg_nogate_lr0.4_ewc10,cohg_nogate,0.4,10,6,0.1689000077545643,-0.0027777792678938974,0,0,0,0,NA,NA,NA,0.12400000542402267,0.01900000125169754,0.1689000077545643,0.14500001072883606,1.0
E3,cifar100_cohg_nogate_lr0.4_ewc10,cohg_nogate,0.4,10,7,0.1500000052154064,-0.038333334856563143,0,0,0,0,NA,NA,NA,0.08700000494718552,0.14900000393390656,0.14037500694394112,0.16200000047683716,1.0
E3,cifar100_cohg_nogate_lr0.4_ewc10,cohg_nogate,0.4,10,8,0.12900000512599946,-0.00988889237244924,1,0,0,0,NA,NA,NA,0.09000000357627869,0.0559999942779541,0.1063333364824454,0.15800000727176666,1.0
E3,cifar100_cohg_nogate_lr0.4_ewc10,cohg_nogate,0.4,10,9,0.15270000472664833,-0.031111113727092743,0,0,0,0,NA,NA,NA,0.08300000429153442,0.1809999942779541,0.13300000131130219,0.20000000298023224,1.0
E3,cifar100_cohg_r0_lr0.05_ewc10,cohg_r0,0.05,10,0,0.3411000147461891,-0.12355556587378184,0,0,0,0,NA,NA,NA,0.24300001561641693,0.16100001335144043,0.33400001376867294,0.47700002789497375,0.0006578947368421052
E3,cifar100_cohg_r0_lr0.05_ewc10,cohg_r0,0.05,10,1,0.3854000195860863,-0.07511111597220103,0,0,0,0,NA,NA,NA,0.1770000010728836,0.1419999897480011,0.2550000250339508,0.4880000352859497,0.0006578947368421052
E3,cifar100_cohg_r0_lr0.05_ewc10,cohg_r0,0.05,10,2,0.38030001521110535,-0.08211112353536817,0,0,0,0,NA,NA,NA,0.21900001168251038,0.18900001049041748,0.32600000500679016,0.534000039100647,0.0006578947368421052
E3,cifar100_cohg_r0_lr0.05_ewc10,cohg_r0,0.05,10,3,0.39040001630783083,-0.051777780055999756,0,0,0,0,NA,NA,NA,0.2150000035762787,0.21100002527236938,0.289000004529953,0.5040000081062317,0.0006578947368421052
E3,cifar100_cohg_r0_lr0.05_ewc10,cohg_r0,0.05,10,4,0.35800001472234727,-0.08988889223999447,0,0,0,0,NA,NA,NA,0.19700001180171967,0.1420000046491623,0.3317500129342079,0.5860000252723694,0.0006578947368421052
E3,cifar100_cohg_r0_lr0.05_ewc10,cohg_r0,0.05,10,5,0.401700022816658,-0.07155555486679077,0,0,0,0,NA,NA,NA,0.281000018119812,0.15799999237060547,0.3160000145435333,0.6100000143051147,0.0006578947368421052
E3,cifar100_cohg_r0_lr0.05_ewc10,cohg_r0,0.05,10,6,0.3919000208377838,-0.03777778148651123,0,0,0,0,NA,NA,NA,0.26500001549720764,0.1550000011920929,0.3227500170469284,0.48100003600120544,0.0006578947368421052
E3,cifar100_cohg_r0_lr0.05_ewc10,cohg_r0,0.05,10,7,0.3988000154495239,-0.06600001123216417,0,0,0,0,NA,NA,NA,0.16200000047683716,0.14500001072883606,0.2940000221133232,0.4820000231266022,0.0006578947368421052
E3,cifar100_cohg_r0_lr0.05_ewc10,cohg_r0,0.05,10,8,0.3608000159263611,-0.09499999715222253,0,0,0,0,NA,NA,NA,0.15200001001358032,0.13600000739097595,0.23500000685453415,0.5760000348091125,0.0006578947368421052
E3,cifar100_cohg_r0_lr0.05_ewc10,cohg_r0,0.05,10,9,0.3793000131845474,-0.056666678852505155,0,0,0,0,NA,NA,NA,0.2800000011920929,0.09600001573562622,0.31300002336502075,0.47700002789497375,0.0006578947368421052
E3,cifar100_fixed_lr0.02_ewc10,fixed,0.02,10,0,0.34840001314878466,-0.11944444808695051,0,0,0,0,NA,NA,NA,0.23400001227855682,0.14499998092651367,0.345666680071089,0.4700000286102295,
E3,cifar100_fixed_lr0.02_ewc10,fixed,0.02,10,1,0.40780001431703566,-0.05888889729976654,0,0,0,0,NA,NA,NA,0.17900000512599945,0.1300000250339508,0.2710000276565552,0.5640000104904175,
E3,cifar100_fixed_lr0.02_ewc10,fixed,0.02,10,2,0.3909000188112259,-0.09744445482889812,0,0,0,0,NA,NA,NA,0.25699999928474426,0.18200001120567322,0.36000001430511475,0.5100000500679016,
E3,cifar100_fixed_lr0.02_ewc10,fixed,0.02,10,3,0.40090001821517945,-0.043777777089012995,0,0,0,0,NA,NA,NA,0.2240000069141388,0.1499999761581421,0.31700000166893005,0.484000027179718,
E3,cifar100_fixed_lr0.02_ewc10,fixed,0.02,10,4,0.36690001338720324,-0.10366667475965288,0,0,0,0,NA,NA,NA,0.2410000115633011,0.1940000206232071,0.35612501576542854,0.5870000123977661,
E3,cifar100_fixed_lr0.02_ewc10,fixed,0.02,10,5,0.4014000207185745,-0.07944444153043959,0,0,0,0,NA,NA,NA,0.2590000033378601,0.14500001072883606,0.3165000155568123,0.6000000238418579,
E3,cifar100_fixed_lr0.02_ewc10,fixed,0.02,10,6,0.4201000213623047,-0.012333330180909898,0,0,0,0,NA,NA,NA,0.34300002455711365,0.11300000548362732,0.3540000170469284,0.4970000088214874,
E3,cifar100_fixed_lr0.02_ewc10,fixed,0.02,10,7,0.39020001590251924,-0.08977778421507941,0,0,0,0,NA,NA,NA,0.24900001287460327,0.17000001668930054,0.3475000262260437,0.4570000171661377,
E3,cifar100_fixed_lr0.02_ewc10,fixed,0.02,10,8,0.37770001888275145,-0.10533333155843946,0,0,0,0,NA,NA,NA,0.1980000138282776,0.16699999570846558,0.3190000057220459,0.5680000185966492,
E3,cifar100_fixed_lr0.02_ewc10,fixed,0.02,10,9,0.3917000204324722,-0.07055556443002489,0,0,0,0,NA,NA,NA,0.33000001311302185,0.17100003361701965,0.3606000244617462,0.46800002455711365,
E3,cifar100_fixed_lr0.05_ewc1000,fixed,0.05,1000,0,0.10000000149011612,-0.23133334931400087,1,854,854,0,NA,NA,NA,0.10000000149011612,0.424000047147274,0.10000000149011612,0.10000000149011612,
E3,cifar100_fixed_lr0.05_ewc1000,fixed,0.05,1000,1,0.37000001668930055,-0.06833333770434062,0,72,72,0,NA,NA,NA,0.15200001001358032,0.11599999666213989,0.2680000066757202,0.4610000252723694,
E3,cifar100_fixed_lr0.05_ewc1000,fixed,0.05,1000,2,0.3468000143766403,-0.09066666828261481,0,0,0,0,NA,NA,NA,0.2550000250339508,0.16899999976158142,0.3190000057220459,0.4480000138282776,
E3,cifar100_fixed_lr0.05_ewc1000,fixed,0.05,1000,3,0.10000000149011612,-0.31833335674471325,1,170,170,0,NA,NA,NA,0.10000000149011612,0.45600005239248276,0.10000000149011612,0.10000000149011612,
E3,cifar100_fixed_lr0.05_ewc1000,fixed,0.05,1000,4,0.3764000192284584,-0.04277778168519338,0,0,0,0,NA,NA,NA,0.2160000056028366,0.14600001275539398,0.307250015437603,0.5630000233650208,
E3,cifar100_fixed_lr0.05_ewc1000,fixed,0.05,1000,5,0.10000000149011612,-0.2770000199476878,1,576,576,0,NA,NA,NA,0.10000000149011612,0.41600003093481064,0.10000000149011612,0.10000000149011612,
E3,cifar100_fixed_lr0.05_ewc1000,fixed,0.05,1000,6,0.40110001862049105,-0.004777779181798299,0,0,0,0,NA,NA,NA,0.24400001764297485,0.19200000166893005,0.2705000042915344,0.49000000953674316,
E3,cifar100_fixed_lr0.05_ewc1000,fixed,0.05,1000,7,0.3835000142455101,-0.05522222485807207,0,0,0,0,NA,NA,NA,0.18300001323223114,0.1380000114440918,0.2900000214576721,0.4480000138282776,
E3,cifar100_fixed_lr0.05_ewc1000,fixed,0.05,1000,8,0.32730001509189605,-0.11622222264607747,0,1,1,0,NA,NA,NA,0.15700000524520874,0.171999990940094,0.2720000147819519,0.4310000240802765,
E3,cifar100_fixed_lr0.05_ewc1000,fixed,0.05,1000,9,0.3952000170946121,-0.02844445241822137,0,0,0,0,NA,NA,NA,0.28700000047683716,0.05500000715255737,0.3270000219345093,0.4650000333786011,
E3,cifar100_fixed_lr0.05_ewc100,fixed,0.05,100,0,0.34520002007484435,-0.10888889100816515,0,0,0,0,NA,NA,NA,0.2410000115633011,0.16600002348423004,0.3147500157356262,0.47300001978874207,
E3,cifar100_fixed_lr0.05_ewc100,fixed,0.05,100,1,0.3860000178217888,-0.06588888665040334,0,0,0,0,NA,NA,NA,0.1510000079870224,0.13899999856948853,0.2710000276565552,0.5049999952316284,
E3,cifar100_fixed_lr0.05_ewc100,fixed,0.05,100,2,0.4041000187397003,-0.06266667114363776,0,0,0,0,NA,NA,NA,0.2639999985694885,0.16699999570846558,0.3100000023841858,0.5420000553131104,
E3,cifar100_fixed_lr0.05_ewc100,fixed,0.05,100,3,0.3712000176310539,-0.07544444998105367,0,0,0,0,NA,NA,NA,0.14000000059604645,0.15900003910064697,0.23000000417232513,0.47600001096725464,
E3,cifar100_fixed_lr0.05_ewc100,fixed,0.05,100,4,0.3516000136733055,-0.08355556428432465,0,0,0,0,NA,NA,NA,0.1720000058412552,0.20100001990795135,0.31675000861287117,0.5670000314712524,
E3,cifar100_fixed_lr0.05_ewc100,fixed,0.05,100,5,0.40990002155303956,-0.05244444807370504,0,0,0,0,NA,NA,NA,0.29600000381469727,0.10700002312660217,0.2970000207424164,0.5890000462532043,
E3,cifar100_fixed_lr0.05_ewc100,fixed,0.05,100,6,0.38220001459121705,-0.0347777803738912,0,0,0,0,NA,NA,NA,0.242000013589859,0.1940000057220459,0.2995000146329403,0.46800002455711365,
E3,cifar100_fixed_lr0.05_ewc100,fixed,0.05,100,7,0.38080002218484876,-0.08366666734218597,0,0,0,0,NA,NA,NA,0.1600000113248825,0.16200000047683716,0.28600001335144043,0.4740000367164612,
E3,cifar100_fixed_lr0.05_ewc100,fixed,0.05,100,8,0.3795000195503235,-0.07311111357476976,0,0,0,0,NA,NA,NA,0.1510000079870224,0.16099999845027924,0.2525000125169754,0.5530000329017639,
E3,cifar100_fixed_lr0.05_ewc100,fixed,0.05,100,9,0.38130001425743104,-0.05211112234327528,0,0,0,0,NA,NA,NA,0.28700000047683716,0.11500000953674316,0.31700000166893005,0.47200003266334534,
E3,cifar100_fixed_lr0.05_ewc10,fixed,0.05,10,0,0.34640001356601713,-0.10988889469040765,0,0,0,0,NA,NA,NA,0.24400001764297485,0.15400001406669617,0.3085000142455101,0.4780000150203705,
E3,cifar100_fixed_lr0.05_ewc10,fixed,0.05,10,1,0.375200018286705,-0.07944444649749333,0,0,0,0,NA,NA,NA,0.16100001335144043,0.14900001883506775,0.2460000067949295,0.48000001907348633,
E3,cifar100_fixed_lr0.05_ewc10,fixed,0.05,10,2,0.3849000185728073,-0.08977778752644856,0,0,0,0,NA,NA,NA,0.242000013589859,0.1810000240802765,0.30800002813339233,0.5540000200271606,
E3,cifar100_fixed_lr0.05_ewc10,fixed,0.05,10,3,0.3715000182390213,-0.07622222271230486,0,0,0,0,NA,NA,NA,0.13100001215934753,0.13099998235702515,0.2200000137090683,0.4740000367164612,
E3,cifar100_fixed_lr0.05_ewc10,fixed,0.05,10,4,0.36240002065896987,-0.07255555358197954,0,0,0,0,NA,NA,NA,0.1900000125169754,0.16500000655651093,0.31420001685619353,0.5890000462532043,
E3,cifar100_fixed_lr0.05_ewc10,fixed,0.05,10,5,0.4135000228881836,-0.05522222651375665,0,0,0,0,NA,NA,NA,0.30100002884864807,0.11900001764297485,0.27800002694129944,0.6050000190734863,
E3,cifar100_fixed_lr0.05_ewc10,fixed,0.05,10,6,0.38840001821517944,-0.036666671435038246,0,0,0,0,NA,NA,NA,0.2639999985694885,0.17400002479553223,0.31850001215934753,0.46300002932548523,
E3,cifar100_fixed_lr0.05_ewc10,fixed,0.05,10,7,0.37810002118349073,-0.08722222679191166,0,0,0,0,NA,NA,NA,0.15600000321865082,0.15300002694129944,0.29600000381469727,0.4750000238418579,
E3,cifar100_fixed_lr0.05_ewc10,fixed,0.05,10,8,0.3669000223278999,-0.08311110569371118,0,0,0,0,NA,NA,NA,0.18200001120567322,0.13600000739097595,0.2680000141263008,0.5200000405311584,
E3,cifar100_fixed_lr0.05_ewc10,fixed,0.05,10,9,0.3996000200510025,-0.04266666372617086,0,0,0,0,NA,NA,NA,0.29500001668930054,0.085999995470047,0.32600000500679016,0.5130000114440918,
E3,cifar100_fixed_lr0.05_ewc1,fixed,0.05,1,0,0.35020001530647277,-0.10733333230018616,0,0,0,0,NA,NA,NA,0.2370000183582306,0.14800000190734863,0.307250015437603,0.49000000953674316,
E3,cifar100_fixed_lr0.05_ewc1,fixed,0.05,1,1,0.3868000164628029,-0.06988889972368877,0,0,0,0,NA,NA,NA,0.1770000010728836,0.13199999928474426,0.24800001084804535,0.503000020980835,
E3,cifar100_fixed_lr0.05_ewc1,fixed,0.05,1,2,0.3863000214099884,-0.0950000054306454,0,0,0,0,NA,NA,NA,0.27300000190734863,0.1990000307559967,0.3240000009536743,0.5190000534057617,
E3,cifar100_fixed_lr0.05_ewc1,fixed,0.05,1,3,0.3588000163435936,-0.0901111149125629,0,0,0,0,NA,NA,NA,0.11300000548362732,0.1509999930858612,0.21400001645088196,0.4690000116825104,
E3,cifar100_fixed_lr0.05_ewc1,fixed,0.05,1,4,0.35850002318620683,-0.07711110346847111,0,0,0,0,NA,NA,NA,0.1990000158548355,0.16500000655651093,0.32350001484155655,0.5760000348091125,
E3,cifar100_fixed_lr0.05_ewc1,fixed,0.05,1,5,0.4149000197649002,-0.05166667037540012,0,0,0,0,NA,NA,NA,0.2990000247955322,0.11699998378753662,0.2880000174045563,0.6100000143051147,
E3,cifar100_fixed_lr0.05_ewc1,fixed,0.05,1,6,0.38930001854896545,-0.03222222129503886,0,0,0,0,NA,NA,NA,0.28300002217292786,0.14399999380111694,0.3165000230073929,0.4690000116825104,
E3,cifar100_fixed_lr0.05_ewc1,fixed,0.05,1,7,0.3812000200152397,-0.08455555472109053,0,0,0,0,NA,NA,NA,0.16300000250339508,0.1850000023841858,0.2980000078678131,0.48000001907348633,
E3,cifar100_fixed_lr0.05_ewc1,fixed,0.05,1,8,0.36380001455545424,-0.08900001148382823,0,0,0,0,NA,NA,NA,0.1600000113248825,0.1550000160932541,0.25050001591444016,0.5460000038146973,
E3,cifar100_fixed_lr0.05_ewc1,fixed,0.05,1,9,0.3787000209093094,-0.060777776771121554,0,0,0,0,NA,NA,NA,0.2710000276565552,0.10500001907348633,0.33000001311302185,0.47200003266334534,
E3,cifar100_fixed_lr0.1_ewc10,fixed,0.1,10,0,0.34990001767873763,-0.07000000443723467,0,0,0,0,NA,NA,NA,0.1860000044107437,0.1810000091791153,0.203000009059906,0.4870000183582306,
E3,cifar100_fixed_lr0.1_ewc10,fixed,0.1,10,1,0.3829000174999237,-0.07344445255067614,0,0,0,0,NA,NA,NA,0.1730000078678131,0.1850000023841858,0.24000000953674316,0.5470000505447388,
E3,cifar100_fixed_lr0.1_ewc10,fixed,0.1,10,2,0.3980000168085098,-0.06466666526264614,0,0,0,0,NA,NA,NA,0.23500001430511475,0.125,0.31700000166893005,0.5590000152587891,
E3,cifar100_fixed_lr0.1_ewc10,fixed,0.1,10,3,0.34550001472234726,-0.07666666805744171,0,0,0,0,NA,NA,NA,0.10400000214576721,0.16499999165534973,0.1770000010728836,0.48500001430511475,
E3,cifar100_fixed_lr0.1_ewc10,fixed,0.1,10,4,0.33210001438856124,-0.0962222268184026,0,0,0,0,NA,NA,NA,0.23400001227855682,0.1510000228881836,0.2887500077486038,0.5800000429153442,
E3,cifar100_fixed_lr0.1_ewc10,fixed,0.1,10,5,0.3837000161409378,-0.07688889238569471,0,0,0,0,NA,NA,NA,0.1680000126361847,0.16700002551078796,0.29900001361966133,0.6060000061988831,
E3,cifar100_fixed_lr0.1_ewc10,fixed,0.1,10,6,0.398400017619133,-0.03744444913334317,0,0,0,0,NA,NA,NA,0.2639999985694885,0.1420000195503235,0.32366667687892914,0.46800002455711365,
E3,cifar100_fixed_lr0.1_ewc10,fixed,0.1,10,7,0.35980001986026766,-0.10566667384571499,0,0,0,0,NA,NA,NA,0.14500001072883606,0.2160000205039978,0.2580000162124634,0.4820000231266022,
E3,cifar100_fixed_lr0.1_ewc10,fixed,0.1,10,8,0.3704000174999237,-0.06655555466810863,0,0,0,0,NA,NA,NA,0.18700000643730164,0.14000001549720764,0.19200000911951065,0.5250000357627869,
E3,cifar100_fixed_lr0.1_ewc10,fixed,0.1,10,9,0.38980002105236056,-0.06411111023690966,0,0,0,0,NA,NA,NA,0.27400001883506775,0.11599999666213989,0.30900001525878906,0.492000013589859,
E3,cifar100_fixed_lr0.4_ewc10,fixed,0.4,10,0,0.32450001388788224,-0.050888895988464355,0,0,0,0,NA,NA,NA,0.17800000309944153,0.09700000286102295,0.20400001108646393,0.4750000238418579,
E3,cifar100_fixed_lr0.4_ewc10,fixed,0.4,10,1,0.298200011998415,-0.0690000065498882,0,0,0,0,NA,NA,NA,0.12300000339746475,0.10600000619888306,0.17550001293420792,0.49000000953674316,
E3,cifar100_fixed_lr0.4_ewc10,fixed,0.4,10,2,0.3366000145673752,-0.08166667487886217,0,0,0,0,NA,NA,NA,0.18400001525878906,0.15400001406669617,0.25820001065731046,0.47600001096725464,
E3,cifar100_fixed_lr0.4_ewc10,fixed,0.4,10,3,0.2962000146508217,-0.06288889878325993,0,0,0,0,NA,NA,NA,0.13600000739097595,0.14000001549720764,0.20800000429153442,0.4350000321865082,
E3,cifar100_fixed_lr0.4_ewc10,fixed,0.4,10,4,0.33570001274347305,-0.0901111149125629,0,0,0,0,NA,NA,NA,0.125,0.15700000524520874,0.28200000524520874,0.5830000042915344,
E3,cifar100_fixed_lr0.4_ewc10,fixed,0.4,10,5,0.34170001596212385,-0.05477777785725064,0,0,0,0,NA,NA,NA,0.2110000103712082,0.10300000011920929,0.23000000417232513,0.5770000219345093,
E3,cifar100_fixed_lr0.4_ewc10,fixed,0.4,10,6,0.2659000128507614,-0.07333333624733819,0,0,0,0,NA,NA,NA,0.15600000321865082,0.1080000102519989,0.21175000816583633,0.39100003242492676,
E3,cifar100_fixed_lr0.4_ewc10,fixed,0.4,10,7,0.37270001173019407,-0.035666671064164907,0,0,0,0,NA,NA,NA,0.2160000056028366,0.08900001645088196,0.2515000030398369,0.4610000252723694,
E3,cifar100_fixed_lr0.4_ewc10,fixed,0.4,10,8,0.31660001277923583,-0.08188889920711517,0,0,0,0,NA,NA,NA,0.14800000190734863,0.14100000262260437,0.2265000119805336,0.4870000183582306,
E3,cifar100_fixed_lr0.4_ewc10,fixed,0.4,10,9,0.28830001056194304,-0.07033333513471815,0,0,0,0,NA,NA,NA,0.16200000047683716,0.11700001358985901,0.23683334390322366,0.3830000162124634,
E3,cifar100_hd_lr0.05_ewc1000,hd,0.05,1000,0,0.37250001430511476,-0.10044445263014899,0,0,0,0,NA,NA,NA,0.2510000169277191,0.17500001192092896,0.3435714436428888,0.47300001978874207,
E3,cifar100_hd_lr0.05_ewc1000,hd,0.05,1000,1,0.39790001660585406,-0.07222223116291894,0,0,0,0,NA,NA,NA,0.13300000131130219,0.1420000046491623,0.2750000059604645,0.5630000233650208,
E3,cifar100_hd_lr0.05_ewc1000,hd,0.05,1000,2,0.41330001652240755,-0.08644445406066047,0,0,0,0,NA,NA,NA,0.15700000524520874,0.1770000159740448,0.33400002121925354,0.5760000348091125,
E3,cifar100_hd_lr0.05_ewc1000,hd,0.05,1000,3,0.3595000199973583,-0.10200000057617824,0,0,0,0,NA,NA,NA,0.12400000542402267,0.22499999403953552,0.23400001227855682,0.4580000340938568,
E3,cifar100_hd_lr0.05_ewc1000,hd,0.05,1000,4,0.3391000136733055,-0.11922223534848955,0,0,0,0,NA,NA,NA,0.19700001180171967,0.17499999701976776,0.3391000136733055,0.5630000233650208,
E3,cifar100_hd_lr0.05_ewc1000,hd,0.05,1000,5,0.39280002266168595,-0.09100000229146746,0,0,0,0,NA,NA,NA,0.20600001513957977,0.19300001859664917,0.3070000112056732,0.5800000429153442,
E3,cifar100_hd_lr0.05_ewc1000,hd,0.05,1000,6,0.3802000194787979,-0.08433334032694499,0,0,0,0,NA,NA,NA,0.19100001454353333,0.2880000174045563,0.3537500128149986,0.4910000264644623,
E3,cifar100_hd_lr0.05_ewc1000,hd,0.05,1000,7,0.37620002329349517,-0.109333336353302,0,0,0,0,NA,NA,NA,0.1730000078678131,0.21800002455711365,0.32600001990795135,0.47200003266334534,
E3,cifar100_hd_lr0.05_ewc1000,hd,0.05,1000,8,0.37190001606941225,-0.11500000291400486,0,0,0,0,NA,NA,NA,0.12700000405311584,0.20500001311302185,0.28200002014636993,0.5730000138282776,
E3,cifar100_hd_lr0.05_ewc1000,hd,0.05,1000,9,0.40200001895427706,-0.07000000609291925,0,0,0,0,NA,NA,NA,0.2970000207424164,0.1340000033378601,0.32600000500679016,0.4650000333786011,
E3,cifar100_hd_lr0.05_ewc10,hd,0.05,10,0,0.36370002031326293,-0.11700000034438239,0,0,0,0,NA,NA,NA,0.25600001215934753,0.17200002074241638,0.3342500105500221,0.48500001430511475,
E3,cifar100_hd_lr0.05_ewc10,hd,0.05,10,1,0.3901000216603279,-0.10455556213855743,0,0,0,0,NA,NA,NA,0.13900001347064972,0.21400001645088196,0.2900000214576721,0.5700000524520874,
E3,cifar100_hd_lr0.05_ewc10,hd,0.05,10,2,0.39280002415180204,-0.11222223109669155,0,0,0,0,NA,NA,NA,0.13100001215934753,0.20600000023841858,0.3370000123977661,0.5750000476837158,
E3,cifar100_hd_lr0.05_ewc10,hd,0.05,10,3,0.3419000133872032,-0.12677778469191658,0,0,0,0,NA,NA,NA,0.12800000607967377,0.2720000147819519,0.23900000751018524,0.4830000102519989,
E3,cifar100_hd_lr0.05_ewc10,hd,0.05,10,4,0.3256000101566315,-0.1452222334014045,0,0,0,0,NA,NA,NA,0.19200000166893005,0.22300001978874207,0.3256000101566315,0.5820000171661377,
E3,cifar100_hd_lr0.05_ewc10,hd,0.05,10,5,0.3885000109672546,-0.11333334777090284,0,0,0,0,NA,NA,NA,0.21700000762939453,0.22700002789497375,0.29500001668930054,0.5910000205039978,
E3,cifar100_hd_lr0.05_ewc10,hd,0.05,10,6,0.3763000190258026,-0.09811110960112678,0,0,0,0,NA,NA,NA,0.18000000715255737,0.27300000190734863,0.3505000174045563,0.5060000419616699,
E3,cifar100_hd_lr0.05_ewc10,hd,0.05,10,7,0.3436000168323517,-0.16544444693459404,0,0,0,0,NA,NA,NA,0.1469999998807907,0.30699998140335083,0.33800002932548523,0.4790000319480896,
E3,cifar100_hd_lr0.05_ewc10,hd,0.05,10,8,0.36710001677274706,-0.1315555622180303,0,0,0,0,NA,NA,NA,0.12700000405311584,0.23600000143051147,0.30800001323223114,0.5690000057220459,
E3,cifar100_hd_lr0.05_ewc10,hd,0.05,10,9,0.37060001492500305,-0.10533334149254693,0,0,0,0,NA,NA,NA,0.25699999928474426,0.17000001668930054,0.3100000023841858,0.4490000307559967,
E3,cifar100_hd_lr0.4_ewc10,hd,0.4,10,0,0.30060001015663146,-0.11011112398571438,0,0,0,0,NA,NA,NA,0.16600000858306885,0.15200001001358032,0.26200002431869507,0.4360000193119049,
E3,cifar100_hd_lr0.4_ewc10,hd,0.4,10,1,0.3302000157535076,-0.08055555903249317,0,0,0,0,NA,NA,NA,0.10300000756978989,0.13499999046325684,0.1940000057220459,0.5060000419616699,
E3,cifar100_hd_lr0.4_ewc10,hd,0.4,10,2,0.30600000619888307,-0.13900001181496513,0,0,0,0,NA,NA,NA,0.10500000417232513,0.20800001919269562,0.2724000170826912,0.5509999990463257,
E3,cifar100_hd_lr0.4_ewc10,hd,0.4,10,3,0.25610001012682915,-0.12044445425271988,0,0,0,0,NA,NA,NA,0.09400000423192978,0.21100002527236938,0.18400001525878906,0.406000018119812,
E3,cifar100_hd_lr0.4_ewc10,hd,0.4,10,4,0.3090000107884407,-0.09655556248293982,0,0,0,0,NA,NA,NA,0.2160000056028366,0.14699998497962952,0.256750013679266,0.5360000133514404,
E3,cifar100_hd_lr0.4_ewc10,hd,0.4,10,5,0.3434000134468079,-0.07644445035192701,0,0,0,0,NA,NA,NA,0.15000000596046448,0.13300001621246338,0.23850000649690628,0.5230000019073486,
E3,cifar100_hd_lr0.4_ewc10,hd,0.4,10,6,0.3330000177025795,-0.09000000192059411,0,0,0,0,NA,NA,NA,0.1720000058412552,0.1509999930858612,0.2657500207424164,0.48600003123283386,
E3,cifar100_hd_lr0.4_ewc10,hd,0.4,10,7,0.360000017285347,-0.07244445217980279,0,0,0,0,NA,NA,NA,0.2550000250339508,0.18000000715255737,0.23650001734495163,0.453000009059906,
E3,cifar100_hd_lr0.4_ewc10,hd,0.4,10,8,0.3386000134050846,-0.10822222878535588,0,0,0,0,NA,NA,NA,0.11700000613927841,0.20100001245737076,0.24550001323223114,0.5660000443458557,
E3,cifar100_hd_lr0.4_ewc10,hd,0.4,10,9,0.2718000113964081,-0.07966667413711548,0,0,0,0,NA,NA,NA,0.14100000262260437,0.12200000882148743,0.2070000171661377,0.40800002217292786,
E3,cifar100_tfmd_lr0.05_ewc10,tfmd,0.05,10,0,0.34830001890659334,-0.11000000437100728,0,0,0,0,NA,NA,NA,0.24900001287460327,0.14399999380111694,0.30650001019239426,0.45600003004074097,
E3,cifar100_tfmd_lr0.05_ewc10,tfmd,0.05,10,1,0.39570002257823944,-0.08577777610884772,0,0,0,0,NA,NA,NA,0.15400001406669617,0.12300002574920654,0.2670000195503235,0.5490000247955322,
E3,cifar100_tfmd_lr0.05_ewc10,tfmd,0.05,10,2,0.4046000212430954,-0.07355554567443,0,0,0,0,NA,NA,NA,0.281000018119812,0.16099998354911804,0.3110000193119049,0.5640000104904175,
E3,cifar100_tfmd_lr0.05_ewc10,tfmd,0.05,10,3,0.37660002112388613,-0.06966666877269745,0,0,0,0,NA,NA,NA,0.1340000033378601,0.14900001883506775,0.23000000417232513,0.49500003457069397,
E3,cifar100_tfmd_lr0.05_ewc10,tfmd,0.05,10,4,0.3532000184059143,-0.08633333444595337,0,0,0,0,NA,NA,NA,0.1850000023841858,0.1770000159740448,0.31975001841783524,0.581000030040741,
E3,cifar100_tfmd_lr0.05_ewc10,tfmd,0.05,10,5,0.2564000114798546,-0.04300000104639265,0,0,0,0,NA,NA,NA,0.12600000202655792,0.10499998927116394,0.13300000131130219,0.484000027179718,
E3,cifar100_tfmd_lr0.05_ewc10,tfmd,0.05,10,6,0.3979000151157379,-0.035000006357828774,0,0,0,0,NA,NA,NA,0.2680000066757202,0.18000000715255737,0.3310000151395798,0.4700000286102295,
E3,cifar100_tfmd_lr0.05_ewc10,tfmd,0.05,10,7,0.38240002244710924,-0.08811111748218536,0,0,0,0,NA,NA,NA,0.17600001394748688,0.1940000057220459,0.2850000262260437,0.4910000264644623,
E3,cifar100_tfmd_lr0.05_ewc10,tfmd,0.05,10,8,0.09410000294446945,-0.0009999995430310566,1,0,0,0,NA,NA,NA,0.07600000500679016,0.006999999284744263,0.07800000160932541,0.10000000149011612,
E3,cifar100_tfmd_lr0.05_ewc10,tfmd,0.05,10,9,0.3896000236272812,-0.06355554858843486,0,0,0,0,NA,NA,NA,0.3050000071525574,0.13199999928474426,0.3140000104904175,0.4960000216960907,
