regime,arm,dataset,method,lr0,seed,nmse,events_stored,gate_open_frac,n_steps,n_finite,n_nonfinite,n_spike,n_event_unified,first_spike_t,median_loss,max_finite_loss,max_excess,worst_window_mean,worst_window_end_t,first_nonfinite_t,mean_loss_finite
E2-drift,lorenz_drift_cohg_lr0.003,lorenz,cohg,0.003,0,0.016637749643283357,1,0.0004166666666666667,12000,12000,0,1,1,8208,0.006154978182166815,2.1423234939575195,348.06353987811053,0.2268602550867945,99,,0.008405883410259283
E2-drift,lorenz_drift_cohg_lr0.003,lorenz,cohg,0.003,1,0.03129238185954867,0,0.0009166666666666666,12000,12000,0,0,0,,0.01201456505805254,0.6079326868057251,50.5996416739422,0.2673474034667015,174,,0.01585856454075971
E2-drift,lorenz_drift_cohg_lr0.003,lorenz,cohg,0.003,2,0.011051457541102554,36,0.0006666666666666666,12000,12000,0,36,36,3998,0.004012524150311947,0.7507317662239075,187.0971334005661,0.11544421821832657,99,,0.005576406705685636
E2-drift,lorenz_drift_cohg_lr0.003,lorenz,cohg,0.003,3,0.023753147934584884,0,0.0009166666666666666,12000,12000,0,0,0,,0.008680140599608421,0.5812227725982666,66.96006429025893,0.26023917101323607,109,,0.011956324290570716
E2-drift,lorenz_drift_cohg_lr0.003,lorenz,cohg,0.003,4,0.007378426220179373,0,0.0009166666666666666,12000,12000,0,0,0,,0.002540045650675893,0.6586447954177856,259.3043141734574,0.09332981010898948,101,,0.003735705224803804
E2-drift,lorenz_drift_cohg_lr0.003,lorenz,cohg,0.003,5,0.025297767506260522,0,0.001,12000,12000,0,0,0,,0.00934767909348011,0.631950855255127,67.60510806323089,0.2656188277900219,104,,0.01274625375521679
E2-drift,lorenz_drift_cohg_lr0.003,lorenz,cohg,0.003,6,0.008670022827886573,0,0.0009166666666666666,12000,12000,0,0,0,,0.0030296649783849716,0.5982579588890076,197.4667044565178,0.09190537687391043,99,,0.004356065994098723
E2-drift,lorenz_drift_cohg_lr0.003,lorenz,cohg,0.003,7,0.018702858086747487,28,0.0009166666666666666,12000,12000,0,28,28,8001,0.006888826843351126,0.4370787739753723,63.44749024969712,0.16352926906198262,99,,0.009428767899943796
E2-drift,lorenz_drift_cohg_lr0.003,lorenz,cohg,0.003,8,0.0314927592327608,0,0.0006666666666666666,12000,12000,0,0,0,,0.01241073478013277,0.621103048324585,50.04563060350407,0.31623622447252275,111,,0.01586864581016745
E2-drift,lorenz_drift_cohg_lr0.003,lorenz,cohg,0.003,9,0.020128039668388102,3,0.0011666666666666668,12000,12000,0,3,3,8043,0.007586639374494553,0.36700761318206787,48.375518469469775,0.16550793685019016,137,,0.010071618003038888
E2-drift,lorenz_drift_cohg_lr0.03,lorenz,cohg,0.03,0,0.005180092757153661,36,0.00016666666666666666,12000,12000,0,36,36,7999,0.001248858985491097,2.1423234939575195,1715.4246547019716,0.08490839949809015,99,,0.0026171361334638545
E2-drift,lorenz_drift_cohg_lr0.03,lorenz,cohg,0.03,1,0.006128936204570383,32,0.0004166666666666667,12000,12000,0,32,32,8004,0.0012990671675652266,0.23819482326507568,183.3583583761198,0.07839162360876799,100,,0.0031060636675926123
E2-drift,lorenz_drift_cohg_lr0.03,lorenz,cohg,0.03,2,0.004358925661811008,57,0.0003333333333333333,12000,12000,0,57,57,3998,0.0008417479693889618,0.2669205069541931,317.10264433183596,0.05817662909626961,99,,0.002199451266921584
E2-drift,lorenz_drift_cohg_lr0.03,lorenz,cohg,0.03,3,0.004752894744420068,36,0.0003333333333333333,12000,12000,0,36,36,8002,0.0007937622140161693,0.35652023553848267,449.15244041992173,0.07244771558791399,99,,0.002392405042048953
E2-drift,lorenz_drift_cohg_lr0.03,lorenz,cohg,0.03,4,0.0031380451068873656,0,0.0005833333333333334,12000,12000,0,0,0,,0.0006849218043498695,0.5318399667739868,776.4973510790935,0.05695531575474888,101,,0.0015887956525753746
E2-drift,lorenz_drift_cohg_lr0.03,lorenz,cohg,0.03,5,0.0048504984088948025,0,0.0005,12000,12000,0,0,0,,0.0008083520224317908,0.2788543999195099,344.96653955367543,0.07228834348730744,99,,0.0024439185609461383
E2-drift,lorenz_drift_cohg_lr0.03,lorenz,cohg,0.03,6,0.0036978782722829496,96,0.0005,12000,12000,0,96,96,4004,0.0007205269066616893,0.297273188829422,412.5774986068652,0.049948980184271935,99,,0.0018579191902930161
E2-drift,lorenz_drift_cohg_lr0.03,lorenz,cohg,0.03,7,0.004681815124365896,59,0.0003333333333333333,12000,12000,0,59,59,8001,0.000748701102565974,0.4370787739753723,583.7827304880426,0.05451988011598587,99,,0.0023602675031455874
E2-drift,lorenz_drift_cohg_lr0.03,lorenz,cohg,0.03,8,0.005873785831110528,0,0.0004166666666666667,12000,12000,0,0,0,,0.0011552422074601054,0.4075504541397095,352.78355613040014,0.08692038303241134,107,,0.002959697060196217
E2-drift,lorenz_drift_cohg_lr0.03,lorenz,cohg,0.03,9,0.00487564069090751,32,0.0003333333333333333,12000,12000,0,32,32,8014,0.000906472560018301,0.18514657020568848,204.24950337377064,0.05454864641651511,105,,0.0024396608595727053
E2-drift,lorenz_drift_cohg_nogate_lr0.003,lorenz,cohg_nogate,0.003,0,0.002679058914311899,97,1.0,12000,12000,0,97,97,4102,0.00010202128760283813,2.1423234939575195,20998.789020360513,0.12499731639632955,99,,0.0013535398335563296
E2-drift,lorenz_drift_cohg_nogate_lr0.003,lorenz,cohg_nogate,0.003,1,0.0037899953508195366,117,1.0,12000,12000,0,117,117,144,9.543713531456888e-05,0.5786194801330566,6062.833699124328,0.06057125092949718,99,,0.0019207194310077915
E2-drift,lorenz_drift_cohg_nogate_lr0.003,lorenz,cohg_nogate,0.003,2,0.0032343881567605368,171,1.0,12000,12000,0,171,171,3995,0.00012876898108515888,1.4807329177856445,11499.142924850748,0.13407959630712868,99,,0.001632025797418054
E2-drift,lorenz_drift_cohg_nogate_lr0.003,lorenz,cohg_nogate,0.003,3,0.0012394544985388277,81,1.0,12000,12000,0,81,81,4013,9.018199489219114e-05,0.20856618881225586,2312.7253845026175,0.03638422705233097,99,,0.0006238886723035061
E2-drift,lorenz_drift_cohg_nogate_lr0.003,lorenz,cohg_nogate,0.003,4,0.0017496951517094257,9,1.0,12000,12000,0,9,9,4004,9.415530075784773e-05,0.7415357828140259,7875.666870005934,0.07969731295481325,103,,0.0008858725594054777
E2-drift,lorenz_drift_cohg_nogate_lr0.003,lorenz,cohg_nogate,0.003,5,0.0017763716282248327,38,1.0,12000,12000,0,38,38,331,0.0001673058286542073,0.32809287309646606,1961.0367178215786,0.05876664203358814,99,,0.0008950229909148506
E2-drift,lorenz_drift_cohg_nogate_lr0.003,lorenz,cohg_nogate,0.003,6,0.0019405247058178147,129,1.0,12000,12000,0,129,129,131,0.0001144097768701613,0.5859105587005615,5121.1581276439865,0.07130253536859527,99,,0.0009749747895164873
E2-drift,lorenz_drift_cohg_nogate_lr0.003,lorenz,cohg_nogate,0.003,7,0.006636155390161487,148,1.0,12000,12000,0,148,148,1327,0.00017102359561249614,1.8915871381759644,11060.386909780022,0.09756221676245332,99,,0.0033455190982885556
E2-drift,lorenz_drift_cohg_nogate_lr0.003,lorenz,cohg_nogate,0.003,8,0.001874856848810814,39,1.0,12000,12000,0,39,39,168,0.00016536864859517664,0.3072463274002075,1857.947863819993,0.041296555241569874,99,,0.0009447072915604477
E2-drift,lorenz_drift_cohg_nogate_lr0.003,lorenz,cohg_nogate,0.003,9,0.0026100193656121468,120,1.0,12000,12000,0,120,120,119,0.00014790360000915825,0.6586470603942871,4453.21858530491,0.033221300840377804,195,,0.0013059949435744044
E2-drift,lorenz_drift_cohg_nogate_lr0.03,lorenz,cohg_nogate,0.03,0,0.0027540383222293603,141,1.0,12000,12000,0,141,141,1526,0.00010270776692777872,2.1423234939575195,20858.437078706447,0.10192877964582295,99,,0.0013914216489843488
E2-drift,lorenz_drift_cohg_nogate_lr0.03,lorenz,cohg_nogate,0.03,1,0.001578655873514968,112,1.0,12000,12000,0,112,112,3997,8.660191087983549e-05,1.0723751783370972,12382.811966182499,0.05388114934787154,99,,0.0008000418814442909
E2-drift,lorenz_drift_cohg_nogate_lr0.03,lorenz,cohg_nogate,0.03,2,0.002600049375204289,218,1.0,12000,12000,0,218,218,768,0.000239078130107373,0.2669205069541931,1116.4572302548784,0.045613011121749876,99,,0.0013119475614034213
E2-drift,lorenz_drift_cohg_nogate_lr0.03,lorenz,cohg_nogate,0.03,3,0.0009083068273900984,86,1.0,12000,12000,0,86,86,2231,0.00010597865912131965,0.3247661292552948,3064.4483705301177,0.028060540547594427,99,,0.0004572030205648298
E2-drift,lorenz_drift_cohg_nogate_lr0.03,lorenz,cohg_nogate,0.03,4,0.0014232343509988222,12,1.0,12000,12000,0,12,12,561,0.00010401100007584319,0.4376736879348755,4207.955770214023,0.05547230341471732,104,,0.0007205851007367391
E2-drift,lorenz_drift_cohg_nogate_lr0.03,lorenz,cohg_nogate,0.03,5,0.001322246443611281,24,1.0,12000,12000,0,24,24,284,0.0001986890274565667,0.5806664228439331,2922.488625955283,0.03561436362331733,99,,0.0006662124906093741
E2-drift,lorenz_drift_cohg_nogate_lr0.03,lorenz,cohg_nogate,0.03,6,0.0013792360570737492,156,1.0,12000,12000,0,156,156,862,0.00011715020082192495,0.2741891145706177,2340.492057605611,0.0418670240836218,99,,0.0006929674125804668
E2-drift,lorenz_drift_cohg_nogate_lr0.03,lorenz,cohg_nogate,0.03,7,0.0018573809105423354,143,1.0,12000,12000,0,143,143,3998,9.312013571616262e-05,0.6572656631469727,7058.254996001823,0.058774556084536016,99,,0.0009363709774229448
E2-drift,lorenz_drift_cohg_nogate_lr0.03,lorenz,cohg_nogate,0.03,8,0.0010941304221373876,65,1.0,12000,12000,0,65,65,4023,9.70040782704018e-05,0.2988468110561371,3080.7654315635323,0.028481362406164407,99,,0.00055131301804022
E2-drift,lorenz_drift_cohg_nogate_lr0.03,lorenz,cohg_nogate,0.03,9,0.0010657352374624377,110,1.0,12000,12000,0,110,110,119,0.00011812929005827755,0.14323410391807556,1212.5198064545455,0.01681422820314765,99,,0.0005332699249871487
E2-drift,lorenz_drift_cohg_r0_lr0.03,lorenz,cohg_r0,0.03,0,0.005180092757153661,36,0.00016666666666666666,12000,12000,0,36,36,7999,0.001248858985491097,2.1423234939575195,1715.4246547019716,0.08490839949809015,99,,0.0026171361334638545
E2-drift,lorenz_drift_cohg_r0_lr0.03,lorenz,cohg_r0,0.03,1,0.006128936204570383,32,0.0004166666666666667,12000,12000,0,32,32,8004,0.0012990671675652266,0.23819482326507568,183.3583583761198,0.07839162360876799,100,,0.0031060636675926123
E2-drift,lorenz_drift_cohg_r0_lr0.03,lorenz,cohg_r0,0.03,2,0.004358925661811008,57,0.0003333333333333333,12000,12000,0,57,57,3998,0.0008417479693889618,0.2669205069541931,317.10264433183596,0.05817662909626961,99,,0.002199451266921584
E2-drift,lorenz_drift_cohg_r0_lr0.03,lorenz,cohg_r0,0.03,3,0.004752894610239205,36,0.0003333333333333333,12000,12000,0,36,36,8002,0.0007937637274153531,0.35652023553848267,449.15158406063847,0.07244771428406238,99,,0.0023924049745080145
E2-drift,lorenz_drift_cohg_r0_lr0.03,lorenz,cohg_r0,0.03,4,0.0031380451068873656,0,0.0005833333333333334,12000,12000,0,0,0,,0.0006849218043498695,0.5318399667739868,776.4973510790935,0.05695531575474888,101,,0.0015887956525753746
E2-drift,lorenz_drift_cohg_r0_lr0.03,lorenz,cohg_r0,0.03,5,0.0048504984088948025,0,0.0005,12000,12000,0,0,0,,0.0008083520224317908,0.2788543999195099,344.96653955367543,0.07228834348730744,99,,0.0024439185609461383
E2-drift,lorenz_drift_cohg_r0_lr0.03,lorenz,cohg_r0,0.03,6,0.003697880794029277,96,0.0005,12000,12000,0,96,96,4004,0.0007205264992080629,0.297273188829422,412.5777319170879,0.049948980621993544,99,,0.001857920457290083
E2-drift,lorenz_drift_cohg_r0_lr0.03,lorenz,cohg_r0,0.03,7,0.004681815124365896,59,0.0003333333333333333,12000,12000,0,59,59,8001,0.000748701102565974,0.4370787739753723,583.7827304880426,0.05451988011598587,99,,0.0023602675031455874
E2-drift,lorenz_drift_cohg_r0_lr0.03,lorenz,cohg_r0,0.03,8,0.005873785831110528,0,0.0004166666666666667,12000,12000,0,0,0,,0.0011552422074601054,0.4075504541397095,352.78355613040014,0.08692038303241134,107,,0.002959697060196217
E2-drift,lorenz_drift_cohg_r0_lr0.03,lorenz,cohg_r0,0.03,9,0.00487564069090751,32,0.0003333333333333333,12000,12000,0,32,32,8014,0.000906472560018301,0.18514657020568848,204.24950337377064,0.05454864641651511,105,,0.0024396608595727053
E2-drift,lorenz_drift_fixed_lr0.003,lorenz,fixed,0.003,0,0.042519908591742574,0,,12000,12000,0,0,0,,0.01796039566397667,2.1423234939575195,119.28041753859563,0.5027518327534198,99,,0.021482315932152465
E2-drift,lorenz_drift_fixed_lr0.003,lorenz,fixed,0.003,1,0.05196907431105957,0,,12000,12000,0,0,0,,0.023002158850431442,1.1235511302947998,48.84546435839112,0.5549804490804672,105,,0.026337238334383613
E2-drift,lorenz_drift_fixed_lr0.003,lorenz,fixed,0.003,2,0.04425545853746291,0,,12000,12000,0,0,0,,0.019614027813076973,0.991765022277832,50.56406729558154,0.3754407301545143,99,,0.022330668586804346
E2-drift,lorenz_drift_fixed_lr0.003,lorenz,fixed,0.003,3,0.04945376566306214,0,,12000,12000,0,0,0,,0.022168101742863655,0.8783326148986816,39.621462635222436,0.413057844042778,111,,0.024892922036516392
E2-drift,lorenz_drift_fixed_lr0.003,lorenz,fixed,0.003,4,0.046386654839743156,0,,12000,12000,0,0,0,,0.02040899731218815,0.7689327001571655,37.676162547092055,0.5326160636544227,105,,0.023485613825354003
E2-drift,lorenz_drift_fixed_lr0.003,lorenz,fixed,0.003,5,0.046964492411863935,0,,12000,12000,0,0,0,,0.02119777724146843,1.0327681303024292,48.720586056639135,0.3914401745796204,107,,0.02366301048574481
E2-drift,lorenz_drift_fixed_lr0.003,lorenz,fixed,0.003,6,0.04856846423361648,0,,12000,12000,0,0,0,,0.02178746834397316,0.660759687423706,30.327511071587402,0.3940847298502922,140,,0.024402177437545542
E2-drift,lorenz_drift_fixed_lr0.003,lorenz,fixed,0.003,7,0.046854415895032704,0,,12000,12000,0,0,0,,0.020450368523597717,0.7744146585464478,37.86800505100186,0.42031926721334456,99,,0.023620957316397677
E2-drift,lorenz_drift_fixed_lr0.003,lorenz,fixed,0.003,8,0.04913172321559441,0,,12000,12000,0,0,0,,0.022332319989800453,0.7567983865737915,33.888032542943776,0.4668846559524536,112,,0.024756608590218568
E2-drift,lorenz_drift_fixed_lr0.003,lorenz,fixed,0.003,9,0.049711740826462854,0,,12000,12000,0,0,0,,0.020895980298519135,0.5976895093917847,28.603085418976107,0.38165381222963335,183,,0.024874636185089685
E2-drift,lorenz_drift_fixed_lr0.03,lorenz,fixed,0.03,0,0.008205646322167635,33,,12000,12000,0,33,33,7999,0.0025616693310439587,2.1423234939575195,836.2997784278649,0.11433450330980122,99,,0.004145735316903837
E2-drift,lorenz_drift_fixed_lr0.03,lorenz,fixed,0.03,1,0.009301347855232027,6,,12000,12000,0,6,6,8083,0.0026439197827130556,0.5549366474151611,209.89163553431015,0.10640661969780922,100,,0.00471379986158655
E2-drift,lorenz_drift_fixed_lr0.03,lorenz,fixed,0.03,2,0.008473602137542686,36,,12000,12000,0,36,36,3998,0.0024279372300952673,0.49507367610931396,203.90711504921742,0.10199505545198917,99,,0.004275657903526726
E2-drift,lorenz_drift_fixed_lr0.03,lorenz,fixed,0.03,3,0.008233362976133647,36,,12000,12000,0,36,36,8002,0.001877309987321496,0.5492126941680908,292.5530135551536,0.1129412861354649,99,,0.004144324702381925
E2-drift,lorenz_drift_fixed_lr0.03,lorenz,fixed,0.03,4,0.008221129614378892,0,,12000,12000,0,0,0,,0.0021370290778577328,0.5490546226501465,256.9242638478962,0.12685915312729776,101,,0.00416236687035381
E2-drift,lorenz_drift_fixed_lr0.03,lorenz,fixed,0.03,5,0.008398497701732545,0,,12000,12000,0,0,0,,0.002149465261027217,0.5786097645759583,269.18777198541187,0.11014912411570549,99,,0.004231574301661004
E2-drift,lorenz_drift_fixed_lr0.03,lorenz,fixed,0.03,6,0.008983578234427457,0,,12000,12000,0,0,0,,0.0025868606753647327,0.486017644405365,187.8793276475314,0.1164866634644568,99,,0.004513605146049376
E2-drift,lorenz_drift_fixed_lr0.03,lorenz,fixed,0.03,7,0.008812331057255134,34,,12000,12000,0,34,34,8001,0.0024040706921368837,0.4370787739753723,181.80778768484143,0.09169379245489835,99,,0.004442605713572789
E2-drift,lorenz_drift_fixed_lr0.03,lorenz,fixed,0.03,8,0.008669239265931553,0,,12000,12000,0,0,0,,0.0023059030063450336,0.4655843675136566,201.90977948011354,0.11270298063755035,99,,0.0043682767311018535
E2-drift,lorenz_drift_fixed_lr0.03,lorenz,fixed,0.03,9,0.008971286079659772,26,,12000,12000,0,26,26,8014,0.002330509480088949,0.23681163787841797,101.61367713869137,0.09853840127587318,106,,0.004489029626278958
E2-drift,lorenz_drift_fmd_lr0.03,lorenz,fmd,0.03,0,0.003594985018133423,34,,12000,12000,0,34,34,7999,0.0008058275561779737,2.1423234939575195,2658.5383901718665,0.07924806761555374,99,,0.0018162928023296586
E2-drift,lorenz_drift_fmd_lr0.03,lorenz,fmd,0.03,1,0.0047750535966736745,32,,12000,12000,0,32,32,8004,0.0009160502813756466,0.4795629382133484,523.5115887887523,0.07844180414453149,100,,0.002419933899193714
E2-drift,lorenz_drift_fmd_lr0.03,lorenz,fmd,0.03,2,0.004313897639981609,57,,12000,12000,0,57,57,3998,0.0008437542710453272,0.43012160062789917,509.77116844104563,0.07187570005655289,99,,0.0021767307739966146
E2-drift,lorenz_drift_fmd_lr0.03,lorenz,fmd,0.03,3,0.0037039757784237642,36,,12000,12000,0,36,36,8002,0.0006101393955759704,0.5212546586990356,854.3206068622601,0.07894974444061517,99,,0.0018644238520812118
E2-drift,lorenz_drift_fmd_lr0.03,lorenz,fmd,0.03,4,0.003638220306145457,0,,12000,12000,0,0,0,,0.0007695499225519598,0.54727703332901,711.1650814207678,0.08824342397972941,101,,0.0018420349002723328
E2-drift,lorenz_drift_fmd_lr0.03,lorenz,fmd,0.03,5,0.0037061756838316557,0,,12000,12000,0,0,0,,0.000642757338937372,0.5315921306610107,827.0494920211362,0.07996730642393231,99,,0.0018673527502316226
E2-drift,lorenz_drift_fmd_lr0.03,lorenz,fmd,0.03,6,0.004636074822422069,52,,12000,12000,0,52,52,4004,0.0009272663155570626,0.47044527530670166,507.346452053613,0.087283294191584,99,,0.002329295813973426
E2-drift,lorenz_drift_fmd_lr0.03,lorenz,fmd,0.03,7,0.004824664262366714,53,,12000,12000,0,53,53,8001,0.0007766501512378454,0.4370787739753723,562.7743370406156,0.06881028277799488,99,,0.0024322827727193577
E2-drift,lorenz_drift_fmd_lr0.03,lorenz,fmd,0.03,8,0.003979088482724613,0,,12000,12000,0,0,0,,0.000852211145684123,0.46519994735717773,545.8740474272167,0.08117710150778294,99,,0.0020049924909083926
E2-drift,lorenz_drift_fmd_lr0.03,lorenz,fmd,0.03,9,0.004861189815860057,32,,12000,12000,0,32,32,4078,0.0008414597250521183,0.2357330024242401,280.1476950184862,0.07517195800319314,105,,0.002432429966962968
E2-drift,lorenz_drift_hd_lr0.003,lorenz,hd,0.003,0,6.1007153512137895e+32,50,,12000,11999,1,49,50,4154,0.0002804192481562495,1.858268980371515e+36,6.626752594872119e+39,3.7357637004970533e+34,99,54,3.0822619080690748e+32
E2-drift,lorenz_drift_hd_lr0.003,lorenz,hd,0.003,1,0.009199363269946186,0,,12000,12000,0,0,0,,0.0036984465550631285,0.3697773814201355,99.98181017755002,0.12367062948644161,100,,0.004662115424934291
E2-drift,lorenz_drift_hd_lr0.003,lorenz,hd,0.003,2,0.008634929327902137,36,,12000,12000,0,36,36,3998,0.0029331434052437544,0.4859304428100586,165.66883226416135,0.10073908783495426,99,,0.004357061286092689
E2-drift,lorenz_drift_hd_lr0.003,lorenz,hd,0.003,3,0.004362372242594113,36,,12000,12000,0,36,36,8002,0.0004914706223644316,0.8515884280204773,1732.73516110392,0.16061818373389541,99,,0.0021958326261546507
E2-drift,lorenz_drift_hd_lr0.003,lorenz,hd,0.003,4,0.005487390984127195,0,,12000,12000,0,0,0,,0.0013355561532080173,0.9220032691955566,690.3515565263931,0.12269265564857051,101,,0.002778272026883112
E2-drift,lorenz_drift_hd_lr0.003,lorenz,hd,0.003,5,0.008854984622369055,0,,12000,12000,0,0,0,,0.003739764913916588,0.5787442326545715,154.7541746543804,0.09339863068424165,99,,0.004461574760196807
E2-drift,lorenz_drift_hd_lr0.003,lorenz,hd,0.003,6,0.010465987872925974,0,,12000,12000,0,0,0,,0.0042391009628772736,0.5550656318664551,130.93946964870267,0.10670171494595707,99,,0.005258409899598401
E2-drift,lorenz_drift_hd_lr0.003,lorenz,hd,0.003,7,0.009343453646577253,32,,12000,12000,0,32,32,8001,0.0036666395608335733,0.4370787739753723,119.20418321019994,0.09057894404744729,99,,0.00471036327222543
E2-drift,lorenz_drift_hd_lr0.003,lorenz,hd,0.003,8,0.0031830094908224834,1,,12000,12000,0,1,1,4132,0.0005796013865619898,0.46941077709198,809.8855316347235,0.08248411745298653,99,,0.0016038623306057688
E2-drift,lorenz_drift_hd_lr0.003,lorenz,hd,0.003,9,0.009633068545312044,3,,12000,12000,0,3,3,8043,0.003723200410604477,0.27763763070106506,74.5696175554486,0.1097391220368445,99,,0.004820170676523826
E2-drift,lorenz_drift_hd_lr0.03,lorenz,hd,0.03,0,1.761447040140073e+30,1,,12000,11999,1,0,1,,0.017927566543221474,5.346219847139493e+33,2.9821224393451954e+35,1.0786193969194192e+32,99,33,8.899351637221643e+29
E2-drift,lorenz_drift_hd_lr0.03,lorenz,hd,0.03,1,0.0034281914311677627,32,,12000,12000,0,32,32,8004,0.0009615279268473387,0.18247190117835999,189.772856391857,0.03633628520183265,100,,0.0017373619979862242
E2-drift,lorenz_drift_hd_lr0.03,lorenz,hd,0.03,2,0.003479663341408754,57,,12000,12000,0,57,57,3998,0.0009355490328744054,0.2602638304233551,278.1936822955326,0.03400153560563922,99,,0.00175578813187246
E2-drift,lorenz_drift_hd_lr0.03,lorenz,hd,0.03,3,0.003664010064899015,32,,12000,12000,0,32,32,8002,0.0009933605324476957,0.28151947259902954,283.40110504023136,0.04916463375731837,99,,0.0018443068119010258
E2-drift,lorenz_drift_hd_lr0.03,lorenz,hd,0.03,4,0.00368329921525764,0,,12000,12000,0,0,0,,0.0012313417391851544,0.37225931882858276,302.3200684116555,0.03776335762348026,101,,0.001864858401012677
E2-drift,lorenz_drift_hd_lr0.03,lorenz,hd,0.03,5,0.0028921754911644866,0,,12000,12000,0,0,0,,0.0006275931373238564,0.25494131445884705,406.2206855000868,0.0435024937579874,99,,0.0014572196027131546
E2-drift,lorenz_drift_hd_lr0.03,lorenz,hd,0.03,6,0.003503500061288054,52,,12000,12000,0,52,52,4004,0.0010803195182234049,0.1848423182964325,171.0996748447231,0.04043486087583006,99,,0.001760258050095569
E2-drift,lorenz_drift_hd_lr0.03,lorenz,hd,0.03,7,0.0033081166387327046,61,,12000,12000,0,61,61,8001,0.0007367120706476271,0.4370787739753723,593.2830360593198,0.03668174765072763,99,,0.0016677378306503598
E2-drift,lorenz_drift_hd_lr0.03,lorenz,hd,0.03,8,0.0033804838044581053,0,,12000,12000,0,0,0,,0.0009132304694503546,0.2993795871734619,327.82479033321056,0.039229567218571904,99,,0.0017033661535807158
E2-drift,lorenz_drift_hd_lr0.03,lorenz,hd,0.03,9,0.003297210854014394,29,,12000,12000,0,29,29,8014,0.0009957249276340008,0.14282700419425964,143.44022152145885,0.026437743213027717,99,,0.0016498500968905538
E2-drift,lorenz_drift_hd_scalar_lr0.03,lorenz,hd_scalar,0.03,0,1.790855021071311e+32,1,,12000,11999,1,0,1,,0.041216891258955,5.496168553042037e+35,1.33347479277635e+37,1.0966273289967568e+34,99,40,9.047929458344773e+31
E2-drift,lorenz_drift_hd_scalar_lr0.03,lorenz,hd_scalar,0.03,1,0.061654640578471955,1,,12000,12000,0,1,1,8083,0.002813461236655712,0.7521922588348389,267.3547618267349,0.5196203073859215,648,,0.031245754996840694
E2-drift,lorenz_drift_hd_scalar_lr0.03,lorenz,hd_scalar,0.03,2,0.1376667185647067,34,,12000,12000,0,34,34,4005,0.003570839297026396,0.8639327883720398,241.94110025939193,0.672529548406601,245,,0.06946464841391221
E2-drift,lorenz_drift_hd_scalar_lr0.03,lorenz,hd_scalar,0.03,3,0.15379216816730687,0,,12000,12000,0,0,0,,0.005423341877758503,0.6523529887199402,120.28616366511662,0.5131662517786026,599,,0.07741243564946639
E2-drift,lorenz_drift_hd_scalar_lr0.03,lorenz,hd_scalar,0.03,4,4.037535069118304e+34,11575,,12000,1306,10694,881,11575,113,1.1695924934212332e+21,2.2941447763759657e+36,1961490680968077.0,inf,1500,144,2.0442083993173222e+34
E2-drift,lorenz_drift_hd_scalar_lr0.03,lorenz,hd_scalar,0.03,5,0.07453129214876655,0,,12000,12000,0,0,0,,0.0025607070419937372,0.7351723909378052,287.0974222671752,0.5103066489100456,143,,0.0375525137622239
E2-drift,lorenz_drift_hd_scalar_lr0.03,lorenz,hd_scalar,0.03,6,1.2914548358762608e+34,6116,,12000,6408,5592,524,6116,391,1.4700147241688991e+32,2.2953195715697272e+36,15614.262454870512,1.772680670513175e+35,900,419,6.488636310599409e+33
E2-drift,lorenz_drift_hd_scalar_lr0.03,lorenz,hd_scalar,0.03,7,0.09973729640802519,0,,12000,12000,0,0,0,,0.035072874277830124,0.8093292713165283,23.0756471484321,0.6227161708474159,724,,0.05028107546116367
E2-drift,lorenz_drift_hd_scalar_lr0.03,lorenz,hd_scalar,0.03,8,0.005832037057037828,0,,12000,12000,0,0,0,,0.0022254986688494682,0.13522903621196747,60.76347656585109,0.042837301660329105,107,,0.0029386605894357494
E2-drift,lorenz_drift_hd_scalar_lr0.03,lorenz,hd_scalar,0.03,9,0.004120652958051082,27,,12000,12000,0,27,27,8014,0.0017452345928177238,0.07570691406726837,43.37921926303198,0.020063216648995876,99,,0.002061881991506771
E2-drift,lorenz_drift_hdm_lr0.03,lorenz,hdm,0.03,0,0.0023466259750034206,101,,12000,12000,0,101,101,4036,0.0001165165813290514,2.1423234939575195,18386.425944882816,0.09309254546649753,99,,0.001185584876337403
E2-drift,lorenz_drift_hdm_lr0.03,lorenz,hdm,0.03,1,0.0017200481801054944,126,,12000,12000,0,126,126,3997,9.259557555196807e-05,0.42000100016593933,4535.864674551531,0.06098389759659767,99,,0.0008716976291498152
E2-drift,lorenz_drift_hdm_lr0.03,lorenz,hdm,0.03,2,0.001953023214850088,185,,12000,12000,0,185,185,3995,0.00012249735300429165,0.3966522216796875,3238.0472879752015,0.06436296762898565,99,,0.0009854674563191796
E2-drift,lorenz_drift_hdm_lr0.03,lorenz,hdm,0.03,3,0.001629406778523927,76,,12000,12000,0,76,76,4213,0.00011750589328585193,0.4561114013195038,3881.6044758703265,0.062490084413439034,99,,0.0008201740627784575
E2-drift,lorenz_drift_hdm_lr0.03,lorenz,hdm,0.03,4,0.001923662069604818,6,,12000,12000,0,6,6,4004,0.00011996697139693424,0.5195428729057312,4330.715920023702,0.08058912381064147,101,,0.000973952199254344
E2-drift,lorenz_drift_hdm_lr0.03,lorenz,hdm,0.03,5,0.001602425987225364,42,,12000,12000,0,42,42,4005,0.00013231440971139818,0.4631025195121765,3500.01576186817,0.06380272842943668,99,,0.0008073806612411186
E2-drift,lorenz_drift_hdm_lr0.03,lorenz,hdm,0.03,6,0.0017434083645791677,182,,12000,12000,0,182,182,3995,9.488139039603993e-05,0.4414657950401306,4652.817514556112,0.06579782042652368,99,,0.0008759379348280373
E2-drift,lorenz_drift_hdm_lr0.03,lorenz,hdm,0.03,7,0.0019256490274239875,162,,12000,12000,0,162,162,4006,0.00010172452311962843,0.4370787739753723,4296.690321775861,0.05668792658485472,99,,0.0009707873337925265
E2-drift,lorenz_drift_hdm_lr0.03,lorenz,hdm,0.03,8,0.0015461199511353344,44,,12000,12000,0,44,44,4033,0.0001102976020774804,0.43621504306793213,3954.8914468830026,0.0607115759793669,99,,0.0007790625681054413
E2-drift,lorenz_drift_hdm_lr0.03,lorenz,hdm,0.03,9,0.0016943999111229933,113,,12000,12000,0,113,113,4008,0.00012775862705893815,0.2142808437347412,1677.2318916349052,0.04891769126988947,99,,0.0008478395775429798
E2-drift,lorenz_drift_tfmd_lr0.03,lorenz,tfmd,0.03,0,0.03334382103172402,36,,12000,12000,0,36,36,7999,0.0019739503040909767,11.035255432128906,5590.442378036842,1.3598925466369838,99,,0.016846284987728135
E2-drift,lorenz_drift_tfmd_lr0.03,lorenz,tfmd,0.03,1,0.002086840511655879,71,,12000,12000,0,71,71,3997,0.0005985748139210045,0.18025006353855133,301.132054584474,0.034661258980631826,99,,0.0010575831232312622
E2-drift,lorenz_drift_tfmd_lr0.03,lorenz,tfmd,0.03,2,0.009371149903769251,45,,12000,12000,0,45,45,3998,0.0037163770757615566,0.2602638304233551,70.03159935540774,0.07886531635187566,99,,0.004728547611842942
E2-drift,lorenz_drift_tfmd_lr0.03,lorenz,tfmd,0.03,3,0.0016173526509710202,45,,12000,12000,0,45,45,8002,0.000244596682023257,0.27929481863975525,1141.8585744069865,0.043254663675907065,99,,0.0008141065277107112
E2-drift,lorenz_drift_tfmd_lr0.03,lorenz,tfmd,0.03,4,0.006746978584058276,0,,12000,12000,0,0,0,,0.002744322642683983,0.3241679072380066,118.12310338297767,0.06102361966855824,102,,0.0034160025994666833
E2-drift,lorenz_drift_tfmd_lr0.03,lorenz,tfmd,0.03,5,0.002465663359308747,0,,12000,12000,0,0,0,,0.0007966291159391403,0.23755136132240295,298.19568048596284,0.04161953079339582,99,,0.0012423219102204483
E2-drift,lorenz_drift_tfmd_lr0.03,lorenz,tfmd,0.03,6,0.0015626210528170486,75,,12000,12000,0,75,75,4004,0.0002690250694286078,0.1501660943031311,558.1862486721939,0.03126159628853202,99,,0.0007851052488518905
E2-drift,lorenz_drift_tfmd_lr0.03,lorenz,tfmd,0.03,7,0.06093445269085502,0,,12000,12000,0,0,0,,0.03365786373615265,0.4370787739753723,12.98593331417812,0.10769636025652289,99,,0.03071919857742431
E2-drift,lorenz_drift_tfmd_lr0.03,lorenz,tfmd,0.03,8,0.0011230567513418309,48,,12000,12000,0,48,48,4033,0.00010485560778761283,0.36402517557144165,3471.6805638929877,0.04608820585301146,99,,0.0005658884850337937
E2-drift,lorenz_drift_tfmd_lr0.03,lorenz,tfmd,0.03,9,0.00193801168874732,89,,12000,12000,0,89,89,4008,0.00040276223444379866,0.22770893573760986,565.3681409630384,0.03127162135206163,99,,0.000969737427790504
E2-drift,mackey_drift_cohg_lr0.003,mackey,cohg,0.003,0,0.014882458291427526,0,0.0006666666666666666,12000,12000,0,0,0,,0.0032478589564561844,0.4265193045139313,131.32322253898505,0.1852393225580454,99,,0.007443516447373744
E2-drift,mackey_drift_cohg_lr0.003,mackey,cohg,0.003,1,0.018453751681658356,0,0.0005,12000,12000,0,0,0,,0.003481765743345022,1.307990550994873,375.66874034961717,0.25779860086739065,99,,0.009274542996815096
E2-drift,mackey_drift_cohg_lr0.003,mackey,cohg,0.003,2,0.017282552413659575,0,0.001,12000,12000,0,0,0,,0.00395566551014781,0.35154086351394653,88.87021984343934,0.16325740255415438,101,,0.008638136484153316
E2-drift,mackey_drift_cohg_lr0.003,mackey,cohg,0.003,3,0.01853978509573445,2,0.0005,12000,12000,0,2,2,4058,0.003910324536263943,1.3124467134475708,335.63626273882807,0.228877684623003,99,,0.009291841789197255
E2-drift,mackey_drift_cohg_lr0.003,mackey,cohg,0.003,4,0.014573340786243212,7,0.0006666666666666666,12000,12000,0,7,7,8000,0.0034627607092261314,0.8284440040588379,239.24379234509138,0.18620085226371885,99,,0.007304774635044547
E2-drift,mackey_drift_cohg_lr0.003,mackey,cohg,0.003,5,0.012602775089928466,0,0.00075,12000,12000,0,0,0,,0.003151879645884037,0.9663148522377014,306.5836772985886,0.16314185742288828,99,,0.006338367147303264
E2-drift,mackey_drift_cohg_lr0.003,mackey,cohg,0.003,6,0.015029626529011004,0,0.0009166666666666666,12000,12000,0,0,0,,0.003645616117864847,1.2813754081726074,351.48391019378073,0.20453133199363946,99,,0.007504876105677492
E2-drift,mackey_drift_cohg_lr0.003,mackey,cohg,0.003,7,0.012604788361545204,28,0.00075,12000,12000,0,28,28,4006,0.00310719246044755,0.864814281463623,278.32658983056945,0.15858848188072444,99,,0.006323718412119585
E2-drift,mackey_drift_cohg_lr0.003,mackey,cohg,0.003,8,0.012680305293578775,28,0.0010833333333333333,12000,12000,0,28,28,3994,0.003294949885457754,0.4373989701271057,132.74829218421925,0.10404241420328617,104,,0.0063374974204246735
E2-drift,mackey_drift_cohg_lr0.003,mackey,cohg,0.003,9,0.013698604322266564,25,0.00075,12000,12000,0,25,25,8014,0.0034792697988450527,1.0135442018508911,291.3094587224418,0.17765459526330232,99,,0.0068775698457514715
E2-drift,mackey_drift_cohg_lr0.03,mackey,cohg,0.03,0,0.00582640966553593,0,0.0003333333333333333,12000,12000,0,0,0,,0.0014113469514995813,0.38045942783355713,269.5718635515613,0.07368186693638563,99,,0.0029141003001859644
E2-drift,mackey_drift_cohg_lr0.03,mackey,cohg,0.03,1,0.00622481955123019,1,0.00025,12000,12000,0,1,1,4221,0.0011987671023234725,1.1302661895751953,942.8571966852381,0.10974144920706749,99,,0.00312848886076002
E2-drift,mackey_drift_cohg_lr0.03,mackey,cohg,0.03,2,0.0068176507500217745,0,0.0005833333333333334,12000,12000,0,0,0,,0.0018822301644831896,0.27846235036849976,147.9427732181511,0.0672051215544343,101,,0.0034075868118549502
E2-drift,mackey_drift_cohg_lr0.03,mackey,cohg,0.03,3,0.0066626660895715345,35,0.00025,12000,12000,0,35,35,3999,0.0013724674936383963,1.2554512023925781,914.7402093031659,0.10231480421498418,99,,0.0033392209714875206
E2-drift,mackey_drift_cohg_lr0.03,mackey,cohg,0.03,4,0.005872028142176218,35,0.0003333333333333333,12000,12000,0,35,35,7997,0.0012216465547680855,0.5173535346984863,423.48871912195546,0.09104153959080577,99,,0.0029433088032722785
E2-drift,mackey_drift_cohg_lr0.03,mackey,cohg,0.03,5,0.005589425861354867,0,0.0003333333333333333,12000,12000,0,0,0,,0.0011316647287458181,0.6885391473770142,608.4303326658386,0.09131563365459443,99,,0.002811113663387611
E2-drift,mackey_drift_cohg_lr0.03,mackey,cohg,0.03,6,0.007377619376581151,1,0.0005,12000,12000,0,1,1,8223,0.001504171988926828,0.6316587924957275,419.93787754709695,0.12737196244299412,99,,0.0036839318175480003
E2-drift,mackey_drift_cohg_lr0.03,mackey,cohg,0.03,7,0.005860729274119545,32,0.0003333333333333333,12000,12000,0,32,32,4006,0.001184028573334217,0.5767911076545715,487.1428955724703,0.08875542571768165,99,,0.0029402795633019802
E2-drift,mackey_drift_cohg_lr0.03,mackey,cohg,0.03,8,0.007214659165748866,64,0.00075,12000,12000,0,64,64,3994,0.0017435215413570404,0.2772887349128723,159.03946600914912,0.06913253784179688,104,,0.003605818850065892
E2-drift,mackey_drift_cohg_lr0.03,mackey,cohg,0.03,9,0.00640354881817397,39,0.00025,12000,12000,0,39,39,8002,0.0013627770822495222,0.8126805424690247,596.3415095941746,0.09889989033341408,99,,0.0032149884193737916
E2-drift,mackey_drift_cohg_nogate_lr0.003,mackey,cohg_nogate,0.003,0,0.0015085386531206474,33,1.0,12000,12000,0,33,33,7999,0.00013281594146974385,0.34233278036117554,2577.4976751503937,0.05257600111886859,99,,0.0007545011755531353
E2-drift,mackey_drift_cohg_nogate_lr0.003,mackey,cohg_nogate,0.003,1,0.002937882845990831,111,1.0,12000,12000,0,111,111,3997,0.0001325853809248656,1.307990550994873,9865.269774622393,0.12768474794458598,99,,0.0014765301519598021
E2-drift,mackey_drift_cohg_nogate_lr0.003,mackey,cohg_nogate,0.003,2,0.001470401836746317,91,1.0,12000,12000,0,91,91,1079,0.00014606345212087035,0.35542619228363037,2433.3684239470685,0.04493551043327898,100,,0.0007349337903541103
E2-drift,mackey_drift_cohg_nogate_lr0.003,mackey,cohg_nogate,0.003,3,0.002726759292270314,178,1.0,12000,12000,0,178,178,149,0.00012746889842674136,1.3124467134475708,10296.211308375408,0.10317470153793692,99,,0.001366607854954509
E2-drift,mackey_drift_cohg_nogate_lr0.003,mackey,cohg_nogate,0.003,4,0.0032144053636064293,107,1.0,12000,12000,0,107,107,4004,0.00012987968511879444,1.0218474864959717,7867.646780644248,0.14028316387208178,99,,0.0016111958892080717
E2-drift,mackey_drift_cohg_nogate_lr0.003,mackey,cohg_nogate,0.003,5,59.82305587421957,298,1.0,12000,12000,0,298,298,1419,0.0009243169333785772,98963.8203125,107066977.50388056,3609.5138845194506,8483,,30.087063309370947
E2-drift,mackey_drift_cohg_nogate_lr0.003,mackey,cohg_nogate,0.003,6,0.0029933519996368347,64,1.0,12000,12000,0,64,64,1507,0.00013305724132806063,1.2227001190185547,9189.279041220418,0.13472148417960852,99,,0.0014946968811629328
E2-drift,mackey_drift_cohg_nogate_lr0.003,mackey,cohg_nogate,0.003,7,0.0044506794484116055,97,1.0,12000,12000,0,97,97,4003,0.0004025598173029721,0.850023090839386,2111.5448047802715,0.13707277374342083,99,,0.002232869189634888
E2-drift,mackey_drift_cohg_nogate_lr0.003,mackey,cohg_nogate,0.003,8,0.0030147572670697824,163,1.0,12000,12000,0,163,163,189,0.00018487365741748363,0.37771958112716675,2043.1227812743296,0.05218051239848137,103,,0.0015067473503919853
E2-drift,mackey_drift_cohg_nogate_lr0.003,mackey,cohg_nogate,0.003,9,0.0033636663842217555,147,1.0,12000,12000,0,147,147,4036,0.0001190838374895975,1.0130800008773804,8507.28379462811,0.12170038850978017,99,,0.0016887742686083887
E2-drift,mackey_drift_cohg_nogate_lr0.03,mackey,cohg_nogate,0.03,0,0.0016318396851807144,33,1.0,12000,12000,0,33,33,7999,0.00012960277672391385,1.0684012174606323,8243.659931272867,0.06188803061377257,99,,0.0008161706418566912
E2-drift,mackey_drift_cohg_nogate_lr0.03,mackey,cohg_nogate,0.03,1,0.0043908471643361365,113,1.0,12000,12000,0,113,113,1708,0.00021288081188686192,1.1302661895751953,5309.38500072937,0.12497096317820251,99,,0.00220676540578764
E2-drift,mackey_drift_cohg_nogate_lr0.03,mackey,cohg_nogate,0.03,2,0.001131419762148632,91,1.0,12000,12000,0,91,91,2146,0.00015379732940346003,0.13476340472698212,876.240213335917,0.02408735021017492,100,,0.0005655043359558173
E2-drift,mackey_drift_cohg_nogate_lr0.03,mackey,cohg_nogate,0.03,3,0.0027054154433688664,133,1.0,12000,12000,0,133,133,3998,0.00013998220674693584,1.2554512023925781,8968.648455887123,0.10105042471550404,99,,0.001355910661532865
E2-drift,mackey_drift_cohg_nogate_lr0.03,mackey,cohg_nogate,0.03,4,0.003203044842367517,138,1.0,12000,12000,0,138,138,4004,0.00013876032608095556,2.1256093978881836,15318.5673306076,0.14153619162738323,99,,0.0016055015155840616
E2-drift,mackey_drift_cohg_nogate_lr0.03,mackey,cohg_nogate,0.03,5,0.0032805977365156763,39,1.0,12000,12000,0,39,39,8002,0.00014298706082627177,0.6885391473770142,4815.394787459714,0.1336758928420022,99,,0.0016499249386165502
E2-drift,mackey_drift_cohg_nogate_lr0.03,mackey,cohg_nogate,0.03,6,0.0021078608133271786,62,1.0,12000,12000,0,62,62,8001,0.000121154727821704,0.6943759918212891,5731.315684544806,0.08558578423224389,99,,0.0010525367494327233
E2-drift,mackey_drift_cohg_nogate_lr0.03,mackey,cohg_nogate,0.03,7,0.0029075303389423397,137,1.0,12000,12000,0,137,137,896,0.00016021786723285913,1.2705795764923096,7930.323867347836,0.10796200609300285,99,,0.001458684002522356
E2-drift,mackey_drift_cohg_nogate_lr0.03,mackey,cohg_nogate,0.03,8,0.00198195124639316,182,1.0,12000,12000,0,182,182,1880,0.00019744347082450986,0.19206002354621887,972.7342349898424,0.029467853950336576,103,,0.0009905606072264466
E2-drift,mackey_drift_cohg_nogate_lr0.03,mackey,cohg_nogate,0.03,9,0.004195483818780879,124,1.0,12000,12000,0,124,124,4078,0.0001426087401341647,0.86142498254776,6040.478176424118,0.16585154979489744,99,,0.002106399478484339
E2-drift,mackey_drift_cohg_ogd_lr0.003,mackey,cohg_ogd,0.003,0,0.04808646891377075,0,0.0006666666666666666,12000,12000,0,0,0,,0.010912028141319752,0.6687978506088257,61.28996754291161,0.41073079392313955,124,,0.024050624920074672
E2-drift,mackey_drift_cohg_ogd_lr0.003,mackey,cohg_ogd,0.003,1,0.05450889047871218,0,0.0005,12000,12000,0,0,0,,0.01345612108707428,1.3206347227096558,98.14379003903547,0.5594157472252845,99,,0.027395244998120082
E2-drift,mackey_drift_cohg_ogd_lr0.003,mackey,cohg_ogd,0.003,2,0.049584988083235255,0,0.001,12000,12000,0,0,0,,0.01269650086760521,0.5694739818572998,44.85282896410442,0.35266571849584577,133,,0.024783485932874705
E2-drift,mackey_drift_cohg_ogd_lr0.003,mackey,cohg_ogd,0.003,3,0.052314418365561804,0,0.0005,12000,12000,0,0,0,,0.012220960110425949,1.3124467134475708,107.39309363491792,0.44000616505742074,99,,0.026219144193775717
E2-drift,mackey_drift_cohg_ogd_lr0.003,mackey,cohg_ogd,0.003,4,0.050498571110410576,0,0.0005833333333333334,12000,12000,0,0,0,,0.011616796255111694,1.0134787559509277,87.2425351787478,0.5165237697958946,99,,0.025312019170067895
E2-drift,mackey_drift_cohg_ogd_lr0.003,mackey,cohg_ogd,0.003,5,0.05082454956946644,0,0.0005833333333333334,12000,12000,0,0,0,,0.011987000703811646,1.1354384422302246,94.72248065099188,0.519237043261528,99,,0.025561406356301934
E2-drift,mackey_drift_cohg_ogd_lr0.003,mackey,cohg_ogd,0.003,6,0.052024117989239234,0,0.0009166666666666666,12000,12000,0,0,0,,0.011773448437452316,1.455648422241211,123.63823819117196,0.4755967593193054,101,,0.025977662140969186
E2-drift,mackey_drift_cohg_ogd_lr0.003,mackey,cohg_ogd,0.003,7,0.05158267012732096,0,0.0005833333333333334,12000,12000,0,0,0,,0.012937700375914574,1.0739902257919312,83.01245156297803,0.49345016330480573,99,,0.025878600373340305
E2-drift,mackey_drift_cohg_ogd_lr0.003,mackey,cohg_ogd,0.003,8,0.053480234087042895,0,0.0011666666666666668,12000,12000,0,0,0,,0.013381225988268852,0.5833539962768555,43.594958846691206,0.3746028709411621,110,,0.026728928318916587
E2-drift,mackey_drift_cohg_ogd_lr0.003,mackey,cohg_ogd,0.003,9,0.05299505163048849,0,0.0005,12000,12000,0,0,0,,0.013904105871915817,1.1497302055358887,82.68997777542597,0.5479045057296753,99,,0.026606883456620076
E2-drift,mackey_drift_cohg_r0_lr0.03,mackey,cohg_r0,0.03,0,0.005826409851035233,0,0.0003333333333333333,12000,12000,0,0,0,,0.0014113470679149032,0.38045942783355713,269.57184131585757,0.07368186650797724,99,,0.0029141003929641254
E2-drift,mackey_drift_cohg_r0_lr0.03,mackey,cohg_r0,0.03,1,0.00622481955123019,1,0.00025,12000,12000,0,1,1,4221,0.0011987671023234725,1.1302661895751953,942.8571966852381,0.10974144920706749,99,,0.00312848886076002
E2-drift,mackey_drift_cohg_r0_lr0.03,mackey,cohg_r0,0.03,2,0.0068176507500217745,0,0.0005833333333333334,12000,12000,0,0,0,,0.0018822301644831896,0.27846235036849976,147.9427732181511,0.0672051215544343,101,,0.0034075868118549502
E2-drift,mackey_drift_cohg_r0_lr0.03,mackey,cohg_r0,0.03,3,0.00666266584073121,35,0.00025,12000,12000,0,35,35,3999,0.0013724665623158216,1.2554512023925781,914.7408300237213,0.10231480453163386,99,,0.0033392208467727565
E2-drift,mackey_drift_cohg_r0_lr0.03,mackey,cohg_r0,0.03,4,0.005872028142176218,35,0.0003333333333333333,12000,12000,0,35,35,7997,0.0012216465547680855,0.5173535346984863,423.48871912195546,0.09104153959080577,99,,0.0029433088032722785
E2-drift,mackey_drift_cohg_r0_lr0.03,mackey,cohg_r0,0.03,5,0.005589425861354867,0,0.0003333333333333333,12000,12000,0,0,0,,0.0011316647287458181,0.6885391473770142,608.4303326658386,0.09131563365459443,99,,0.002811113663387611
E2-drift,mackey_drift_cohg_r0_lr0.03,mackey,cohg_r0,0.03,6,0.007377619376581151,1,0.0005,12000,12000,0,1,1,8223,0.001504171988926828,0.6316587924957275,419.93787754709695,0.12737196244299412,99,,0.0036839318175480003
E2-drift,mackey_drift_cohg_r0_lr0.03,mackey,cohg_r0,0.03,7,0.005860729274119545,32,0.0003333333333333333,12000,12000,0,32,32,4006,0.001184028573334217,0.5767911076545715,487.1428955724703,0.08875542571768165,99,,0.0029402795633019802
E2-drift,mackey_drift_cohg_r0_lr0.03,mackey,cohg_r0,0.03,8,0.007214354110166694,64,0.00075,12000,12000,0,64,64,3994,0.0017435243353247643,0.27708977460861206,158.92509728405878,0.069124356508255,104,,0.003605666386152734
E2-drift,mackey_drift_cohg_r0_lr0.03,mackey,cohg_r0,0.03,9,0.00640354881817397,39,0.00025,12000,12000,0,39,39,8002,0.0013627770822495222,0.8126805424690247,596.3415095941746,0.09889989033341408,99,,0.0032149884193737916
E2-drift,mackey_drift_fixed_lr0.003,mackey,fixed,0.003,0,0.048138808544917665,0,,12000,12000,0,0,0,,0.010930731892585754,0.6689317226409912,61.1973406002871,0.41088435769081116,124,,0.024076802779784582
E2-drift,mackey_drift_fixed_lr0.003,mackey,fixed,0.003,1,0.05548127090600863,0,,12000,12000,0,0,0,,0.013833868317306042,1.320812463760376,95.47672664398951,0.562577114701271,99,,0.027883946929185187
E2-drift,mackey_drift_fixed_lr0.003,mackey,fixed,0.003,2,0.04959964976364998,0,,12000,12000,0,0,0,,0.01270265318453312,0.5694485902786255,44.82910632969118,0.35270134314894674,133,,0.024790814109493416
E2-drift,mackey_drift_fixed_lr0.003,mackey,fixed,0.003,3,0.05297609991656645,0,,12000,12000,0,0,0,,0.012483210302889347,1.3124467134475708,105.13695448548148,0.4415016186237335,99,,0.026550768333700642
E2-drift,mackey_drift_fixed_lr0.003,mackey,fixed,0.003,4,0.05090977440770556,0,,12000,12000,0,0,0,,0.011764861643314362,1.014061689376831,86.19410241454847,0.5179626986384391,99,,0.02551813165038281
E2-drift,mackey_drift_fixed_lr0.003,mackey,fixed,0.003,5,0.051665439900405674,0,,12000,12000,0,0,0,,0.012325203977525234,1.1361700296401978,92.18265529008536,0.5227492393553257,99,,0.025984318896352002
E2-drift,mackey_drift_fixed_lr0.003,mackey,fixed,0.003,6,0.05346187487856786,0,,12000,12000,0,0,0,,0.01237802766263485,1.4561412334442139,117.6391969004739,0.4791370803117752,101,,0.02669558997799565
E2-drift,mackey_drift_fixed_lr0.003,mackey,fixed,0.003,7,0.05205858370659469,0,,12000,12000,0,0,0,,0.013133209198713303,1.0745989084243774,81.8230252914618,0.49490151286125184,99,,0.02611736229531622
E2-drift,mackey_drift_fixed_lr0.003,mackey,fixed,0.003,8,0.0535251773353632,0,,12000,12000,0,0,0,,0.013403483666479588,0.583335280418396,43.52116919254683,0.37474424988031385,110,,0.02675138062033996
E2-drift,mackey_drift_fixed_lr0.003,mackey,fixed,0.003,9,0.05385016576941364,0,,12000,12000,0,0,0,,0.014262126758694649,1.1513375043869019,80.72691568843403,0.550906917154789,99,,0.027036205117804153
E2-drift,mackey_drift_fixed_lr0.03,mackey,fixed,0.03,0,0.009408354693864102,0,,12000,12000,0,0,0,,0.002161710523068905,0.40804523229599,188.7603487800496,0.12788468260318042,99,,0.004705623327487653
E2-drift,mackey_drift_fixed_lr0.03,mackey,fixed,0.03,1,0.010085887009857625,1,,12000,12000,0,1,1,4221,0.0020120558328926563,1.1302661895751953,561.7469312222089,0.16045524969696998,99,,0.005068995960692216
E2-drift,mackey_drift_fixed_lr0.03,mackey,fixed,0.03,2,0.009656045859526566,0,,12000,12000,0,0,0,,0.002312941011041403,0.321098655462265,138.8269972858885,0.11366887986660004,101,,0.004826268715141244
E2-drift,mackey_drift_fixed_lr0.03,mackey,fixed,0.03,3,0.010195005582987615,3,,12000,12000,0,3,3,4058,0.0021904977038502693,1.2554512023925781,573.1351373643778,0.14277754876762627,99,,0.0051095726529698975
E2-drift,mackey_drift_fixed_lr0.03,mackey,fixed,0.03,4,0.009931684296233732,24,,12000,12000,0,24,24,7997,0.0021663843654096127,0.6469743251800537,298.6424456851755,0.14713252352550626,99,,0.004978180130041437
E2-drift,mackey_drift_fixed_lr0.03,mackey,fixed,0.03,5,0.009835942598153888,0,,12000,12000,0,0,0,,0.0021086193155497313,0.6942446231842041,329.24132775631426,0.14307754404842854,99,,0.004946832343038598
E2-drift,mackey_drift_fixed_lr0.03,mackey,fixed,0.03,6,0.01022701099324543,1,,12000,12000,0,1,1,8223,0.002304711611941457,0.9526063203811646,413.32994351458245,0.15708927668631076,99,,0.005106743689708916
E2-drift,mackey_drift_fixed_lr0.03,mackey,fixed,0.03,7,0.01011904470397174,28,,12000,12000,0,28,28,4006,0.0021181281190365553,0.5859543085098267,276.6378026161854,0.14444237191230058,99,,0.005076641310598158
E2-drift,mackey_drift_fixed_lr0.03,mackey,fixed,0.03,8,0.010490037458043975,58,,12000,12000,0,58,58,3994,0.0021654199808835983,0.48230066895484924,222.7284652458258,0.12642541084438563,104,,0.005242822139635488
E2-drift,mackey_drift_fixed_lr0.03,mackey,fixed,0.03,9,0.010328759960769962,26,,12000,12000,0,26,26,8014,0.002285262104123831,0.8126805424690247,355.61808905968195,0.15008578572422265,99,,0.005185693839972373
E2-drift,mackey_drift_fmd_lr0.003,mackey,fmd,0.003,0,0.013680158138534402,0,,12000,12000,0,0,0,,0.0028077377937734127,0.6472134590148926,230.5106482700013,0.349340056180954,102,,0.00684218158807198
E2-drift,mackey_drift_fmd_lr0.003,mackey,fmd,0.003,1,0.011974576039731276,0,,12000,12000,0,0,0,,0.002449836116284132,1.3199365139007568,538.7856375890209,0.32753231439739466,99,,0.006018219073550426
E2-drift,mackey_drift_fmd_lr0.003,mackey,fmd,0.003,2,0.014811146684899398,0,,12000,12000,0,0,0,,0.0033063506707549095,0.5604010820388794,169.4923309241509,0.3102950049936771,107,,0.007402882600249238
E2-drift,mackey_drift_fmd_lr0.003,mackey,fmd,0.003,3,0.014132869433134897,3,,12000,12000,0,3,3,4058,0.003120956476777792,1.3124467134475708,420.5270798273344,0.3302269659563899,99,,0.007083166612879723
E2-drift,mackey_drift_fmd_lr0.003,mackey,fmd,0.003,4,0.013330185419422875,20,,12000,12000,0,20,20,7997,0.0029855200555175543,1.0046226978302002,336.49839195471225,0.3222142996639013,99,,0.006681652598432265
E2-drift,mackey_drift_fmd_lr0.003,mackey,fmd,0.003,5,0.011777650922440572,0,,12000,12000,0,0,0,,0.0025665098801255226,1.1326990127563477,441.33826311276454,0.2999587034061551,99,,0.005923383949319638
E2-drift,mackey_drift_fmd_lr0.003,mackey,fmd,0.003,6,0.01422039000420654,0,,12000,12000,0,0,0,,0.0030330775771290064,1.4538421630859375,479.32903993246623,0.3578355823457241,99,,0.007100792888377327
E2-drift,mackey_drift_fmd_lr0.003,mackey,fmd,0.003,7,0.012561648630543673,28,,12000,12000,0,28,28,4006,0.002553042722865939,1.0591866970062256,414.8722963073751,0.32103297125548125,99,,0.0063020755640948965
E2-drift,mackey_drift_fmd_lr0.003,mackey,fmd,0.003,8,0.01674838596658428,28,,12000,12000,0,28,28,3994,0.003116616513580084,0.5830778479576111,187.08681206589148,0.3404837054014206,106,,0.00837068901437063
E2-drift,mackey_drift_fmd_lr0.003,mackey,fmd,0.003,9,0.012031978704560993,25,,12000,12000,0,25,25,8014,0.002655790653079748,1.134934902191162,427.34351100869026,0.31279012221843006,99,,0.006040817874411005
E2-drift,mackey_drift_fmd_lr0.03,mackey,fmd,0.03,0,0.005365659060903215,0,,12000,12000,0,0,0,,0.0012580323964357376,0.41316530108451843,328.4218294020885,0.09024088637903332,99,,0.0026836541845938577
E2-drift,mackey_drift_fmd_lr0.03,mackey,fmd,0.03,1,0.004579478110802941,20,,12000,12000,0,20,20,3997,0.0008554345113225281,1.1302661895751953,1321.2772861218434,0.10280959864147007,99,,0.002301568124157105
E2-drift,mackey_drift_fmd_lr0.03,mackey,fmd,0.03,2,0.005333280416955559,0,,12000,12000,0,0,0,,0.0011426903074607253,0.3227638006210327,282.4595592643777,0.08561334520578384,101,,0.002665671310998732
E2-drift,mackey_drift_fmd_lr0.03,mackey,fmd,0.03,3,0.0052836184660694585,39,,12000,12000,0,39,39,3999,0.0010385202476754785,1.2554512023925781,1208.884665660257,0.09929632142186165,99,,0.0026480645060170597
E2-drift,mackey_drift_fmd_lr0.03,mackey,fmd,0.03,4,0.004909066870862419,34,,12000,12000,0,34,34,7997,0.0009294438641518354,0.575472354888916,619.1577319347454,0.09903119634836913,99,,0.0024606318953210573
E2-drift,mackey_drift_fmd_lr0.03,mackey,fmd,0.03,5,0.0047778726541069325,0,,12000,12000,0,0,0,,0.0009017871343530715,0.6885391473770142,763.5273571195511,0.09888809906318784,99,,0.0024029557655909834
E2-drift,mackey_drift_fmd_lr0.03,mackey,fmd,0.03,6,0.005348096547954378,25,,12000,12000,0,25,25,8005,0.0010377278085798025,0.8745831251144409,842.7866323745958,0.11116597788408399,99,,0.0026705122656324725
E2-drift,mackey_drift_fmd_lr0.03,mackey,fmd,0.03,7,0.005157443157509871,33,,12000,12000,0,33,33,4006,0.0010067110415548086,0.5767911076545715,572.9460429516598,0.09903111649677157,99,,0.002587446716210252
E2-drift,mackey_drift_fmd_lr0.03,mackey,fmd,0.03,8,0.005875959320917759,64,,12000,12000,0,64,64,3994,0.001089366152882576,0.47032269835472107,431.7397755660008,0.09322642389684915,104,,0.002936749248276707
E2-drift,mackey_drift_fmd_lr0.03,mackey,fmd,0.03,9,0.005221601995596915,62,,12000,12000,0,62,62,7997,0.001050337334163487,0.8126805424690247,773.7328913631945,0.10022003438323736,99,,0.0026215760077878563
E2-drift,mackey_drift_hd_lr0.003,mackey,hd,0.003,0,0.010150391699513456,0,,12000,12000,0,0,0,,0.0034448851365596056,0.8445813655853271,245.16967390930412,0.10774383464828134,99,,0.005076755874809654
E2-drift,mackey_drift_hd_lr0.003,mackey,hd,0.003,1,0.006439539934597934,1,,12000,12000,0,1,1,4221,0.0017122420249506831,1.3804736137390137,806.2374323389095,0.1331470009777695,99,,0.003236403688172383
E2-drift,mackey_drift_hd_lr0.003,mackey,hd,0.003,2,0.009327761292223988,0,,12000,12000,0,0,0,,0.0035848093684762716,0.6093358993530273,169.97721126019775,0.10182966228574514,100,,0.0046621860709735
E2-drift,mackey_drift_hd_lr0.003,mackey,hd,0.003,3,0.009411714135425875,3,,12000,12000,0,3,3,4058,0.002326104324311018,1.3124467134475708,564.2252154087336,0.12319530772045255,99,,0.004716999590877094
E2-drift,mackey_drift_hd_lr0.003,mackey,hd,0.003,4,0.005509974730617526,92,,12000,12000,0,92,92,7997,0.0011459129163995385,1.002182126045227,874.570930916885,0.1019624002277851,99,,0.0027618323239888315
E2-drift,mackey_drift_hd_lr0.003,mackey,hd,0.003,5,0.005261765948020864,0,,12000,12000,0,0,0,,0.0014710171381011605,0.9614495038986206,653.5950391031424,0.08997915296815336,99,,0.002646322272972005
E2-drift,mackey_drift_hd_lr0.003,mackey,hd,0.003,6,0.01188113585665668,0,,12000,12000,0,0,0,,0.004417125601321459,0.8607645034790039,194.86982738763223,0.12617497988045215,99,,0.005932712461405269
E2-drift,mackey_drift_hd_lr0.003,mackey,hd,0.003,7,0.0044995900947373746,41,,12000,12000,0,41,41,4003,0.0007832420524209738,0.8942896127700806,1141.7793643814996,0.10484874025918543,99,,0.0022574072576965892
E2-drift,mackey_drift_hd_lr0.003,mackey,hd,0.003,8,0.00813693691306252,36,,12000,12000,0,36,36,3994,0.002464013174176216,0.6205520629882812,251.84608162484682,0.10673702292144299,103,,0.004066764600912696
E2-drift,mackey_drift_hd_lr0.003,mackey,hd,0.003,9,0.016881548156231687,22,,12000,12000,0,22,22,8014,0.004217079374939203,1.0052485466003418,238.37553368670805,0.12804072052240373,99,,0.008475609910140822
E2-drift,mackey_drift_hd_lr0.03,mackey,hd,0.03,0,0.004431215800251544,0,,12000,12000,0,0,0,,0.0013861171901226044,0.29907310009002686,215.7632141215804,0.03789869535714388,99,,0.0022162889386381722
E2-drift,mackey_drift_hd_lr0.03,mackey,hd,0.03,1,0.029892969868117125,0,,12000,12000,0,0,0,,0.0073104128241539,2.5726470947265625,351.9154330418157,0.5414083491452039,99,,0.015023700282035861
E2-drift,mackey_drift_hd_lr0.03,mackey,hd,0.03,2,0.004611000311373045,0,,12000,12000,0,0,0,,0.001515114214271307,0.2733001708984375,180.38255355546315,0.03539864506572485,100,,0.002304662474891908
E2-drift,mackey_drift_hd_lr0.03,mackey,hd,0.03,3,0.021293985499216368,3,,12000,12000,0,3,3,4058,0.003439109306782484,3.858381748199463,1121.9130897032278,0.5435909651219845,99,,0.010672202687273966
E2-drift,mackey_drift_hd_lr0.03,mackey,hd,0.03,4,0.00695892657485484,30,,12000,12000,0,30,30,7997,0.0021906497422605753,0.7840456962585449,357.9055478989866,0.0646805988624692,99,,0.0034881082571761603
E2-drift,mackey_drift_hd_lr0.03,mackey,hd,0.03,5,0.09369015952196046,0,,12000,12000,0,0,0,,0.02312406525015831,1.193652629852295,51.619497564085236,0.2542877845466137,99,,0.04711998943900592
E2-drift,mackey_drift_hd_lr0.03,mackey,hd,0.03,6,0.016393280782204415,0,,12000,12000,0,0,0,,0.006791565101593733,0.2860959470272064,42.1251865729845,0.07016086488962174,99,,0.00818580162311749
E2-drift,mackey_drift_hd_lr0.03,mackey,hd,0.03,7,0.006939441898908688,28,,12000,12000,0,28,28,4006,0.002313006902113557,0.9594879150390625,414.8227634609784,0.07454505767673254,99,,0.0034814607946803636
E2-drift,mackey_drift_hd_lr0.03,mackey,hd,0.03,8,0.003746525466295621,70,,12000,12000,0,70,70,3994,0.0007061260403133929,0.2867983281612396,406.1574163642978,0.05058399185538292,103,,0.0018724782194500828
E2-drift,mackey_drift_hd_lr0.03,mackey,hd,0.03,9,0.03214448087020789,0,,12000,12000,0,0,0,,0.011137783527374268,1.251089096069336,112.32837242656306,0.1564214664697647,99,,0.01613857201356829
E2-drift,mackey_drift_hd_scalar_lr0.03,mackey,hd_scalar,0.03,0,0.0049301556026774334,0,,12000,12000,0,0,0,,0.0018815837102010846,0.12939009070396423,68.7665874244502,0.026622257996350526,99,,0.002465835522467387
E2-drift,mackey_drift_hd_scalar_lr0.03,mackey,hd_scalar,0.03,1,4.3029811598172505e+32,32,,12000,11999,1,31,32,163,0.008646659553050995,1.3048089253600694e+36,1.5090323810651993e+38,2.6211214826759394e+34,194,194,2.1626054403276773e+32
E2-drift,mackey_drift_hd_scalar_lr0.03,mackey,hd_scalar,0.03,2,0.13497832016743191,0,,12000,12000,0,0,0,,0.009450689889490604,0.9748888611793518,103.1553116840128,0.6448513576388359,338,,0.06746463856151726
E2-drift,mackey_drift_hd_scalar_lr0.03,mackey,hd_scalar,0.03,3,4.445724475138877e+29,1,,12000,11999,1,0,1,,0.06915145367383957,1.33870866796822e+33,1.9359082084989662e+34,2.700533152959459e+31,99,34,2.2281255283189137e+29
E2-drift,mackey_drift_hd_scalar_lr0.03,mackey,hd_scalar,0.03,4,0.07146221290982523,24,,12000,12000,0,24,24,7997,0.0023075598292052746,1.7145789861679077,743.0268825395569,1.2455320543050765,112,,0.035819882886469714
E2-drift,mackey_drift_hd_scalar_lr0.03,mackey,hd_scalar,0.03,5,2.1740036334208913e+32,30,,12000,11999,1,29,30,118,0.04606286808848381,6.790024660303485e+35,1.474077699039557e+37,1.3251997044765994e+34,147,147,1.0933808712658e+32
E2-drift,mackey_drift_hd_scalar_lr0.03,mackey,hd_scalar,0.03,6,0.18360692334420595,0,,12000,12000,0,0,0,,0.06177796050906181,0.9908864498138428,16.03948142102386,0.7955905854701996,259,,0.09168206603025707
E2-drift,mackey_drift_hd_scalar_lr0.03,mackey,hd_scalar,0.03,7,7.536011579111517e+33,10192,,12000,2692,9308,884,10192,540,0.5954279899597168,4.559716232853812e+35,7.657880230256384e+35,inf,2900,572,3.780754885354683e+33
E2-drift,mackey_drift_hd_scalar_lr0.03,mackey,hd_scalar,0.03,8,0.08812827252820357,53,,12000,12000,0,53,53,3994,0.0023618373088538647,0.7474935054779053,316.48814364806674,0.4834171798825264,403,,0.04404568240930287
E2-drift,mackey_drift_hd_scalar_lr0.03,mackey,hd_scalar,0.03,9,3.77015929766134e+30,1,,12000,11999,1,0,1,,0.05855795741081238,1.1450367245391421e+34,1.955390480077978e+35,2.294184004118258e+32,99,91,1.8928595416927038e+30
E2-drift,mackey_drift_hdm_lr0.003,mackey,hdm,0.003,0,0.004834949985041451,35,,12000,12000,0,35,35,7999,0.00011303849169053137,0.4872640371322632,4310.602785343771,0.2133463566750288,99,,0.002418218081391539
E2-drift,mackey_drift_hdm_lr0.003,mackey,hdm,0.003,1,0.007595487903547825,119,,12000,12000,0,119,119,3997,0.00013567056157626212,1.316117286682129,9700.831716114943,0.3636442731693387,99,,0.003817363556119593
E2-drift,mackey_drift_hdm_lr0.003,mackey,hdm,0.003,2,0.003986780629880713,101,,12000,12000,0,101,101,3998,0.00012520926247816533,0.35120928287506104,2804.9784490688685,0.15889594584703445,101,,0.001992666036185104
E2-drift,mackey_drift_hdm_lr0.003,mackey,hdm,0.003,3,0.0065677248815308375,173,,12000,12000,0,173,173,3997,0.00013849377864971757,1.3124467134475708,9476.575238567564,0.2925423653796315,99,,0.003291637966623436
E2-drift,mackey_drift_hdm_lr0.003,mackey,hdm,0.003,4,0.006685321004784478,131,,12000,12000,0,131,131,4004,0.0001282035664189607,0.956203818321228,7458.480641610373,0.3095661737769842,99,,0.0033509655760591765
E2-drift,mackey_drift_hdm_lr0.003,mackey,hdm,0.003,5,0.00665646837141583,56,,12000,12000,0,56,56,8002,0.00011657735012704507,1.1141204833984375,9556.920638393975,0.3175362741202116,99,,0.0033477658804840758
E2-drift,mackey_drift_hdm_lr0.003,mackey,hdm,0.003,6,0.00630205840126813,95,,12000,12000,0,95,95,8000,0.00011437165085226297,1.4281413555145264,12486.847438787921,0.2942325861752033,99,,0.0031468624604969286
E2-drift,mackey_drift_hdm_lr0.003,mackey,hdm,0.003,7,0.006832675533112376,138,,12000,12000,0,138,138,3998,0.00013746364857070148,0.9986912608146667,7265.129881235557,0.30554948318749664,99,,0.0034278969887691344
E2-drift,mackey_drift_hdm_lr0.003,mackey,hdm,0.003,8,0.004887570585056957,187,,12000,12000,0,187,187,3994,0.00016666814917698503,0.5458682775497437,3275.1805323648596,0.17666353389620781,104,,0.002442762752477999
E2-drift,mackey_drift_hdm_lr0.003,mackey,hdm,0.003,9,0.007459147268249622,131,,12000,12000,0,131,131,4078,0.00013250754273030907,1.097962498664856,8286.037730693755,0.3419709825515747,99,,0.0037449659156083425
E2-drift,mackey_drift_hdm_lr0.03,mackey,hdm,0.03,0,0.0019413664311961328,35,,12000,12000,0,35,35,7999,0.00011171983351232484,0.38005518913269043,3401.85960884701,0.0708010863699019,99,,0.0009709815863761833
E2-drift,mackey_drift_hdm_lr0.03,mackey,hdm,0.03,1,0.0029123637226002976,114,,12000,12000,0,114,114,3997,0.00013601807586383075,1.1302661895751953,8309.676360270805,0.1200808933004737,99,,0.0014637046728263763
E2-drift,mackey_drift_hdm_lr0.03,mackey,hdm,0.03,2,0.001705081976406507,100,,12000,12000,0,100,100,3998,0.00012314607738517225,0.2551021873950958,2071.541317529714,0.054387356182560326,100,,0.0008522312258245013
E2-drift,mackey_drift_hdm_lr0.03,mackey,hdm,0.03,3,0.0027803199728462583,173,,12000,12000,0,173,173,3997,0.00013582358951680362,1.2554512023925781,9243.248590755718,0.10563895686529577,99,,0.0013934516057026182
E2-drift,mackey_drift_hdm_lr0.03,mackey,hdm,0.03,4,0.002644352685729124,132,,12000,12000,0,132,132,4004,0.00012756857904605567,0.5178921222686768,4059.7153792996614,0.09859606370329857,99,,0.0013254613824072597
E2-drift,mackey_drift_hdm_lr0.03,mackey,hdm,0.03,5,0.0024427439088166667,56,,12000,12000,0,56,56,8002,0.00011580089631024748,0.6885391473770142,5945.887893063603,0.10231727816164493,99,,0.0012285395581876249
E2-drift,mackey_drift_hdm_lr0.03,mackey,hdm,0.03,6,0.002536388820866897,92,,12000,12000,0,92,92,8000,0.00011692059342749417,0.8360956907272339,7150.970297167718,0.10234044943936169,99,,0.0012665174227508942
E2-drift,mackey_drift_hdm_lr0.03,mackey,hdm,0.03,7,0.0028419721511324055,138,,12000,12000,0,138,138,3998,0.00013803786714561284,0.5767911076545715,4178.499129127578,0.10110141698271036,99,,0.0014257940001337678
E2-drift,mackey_drift_hdm_lr0.03,mackey,hdm,0.03,8,0.0025001166355575763,182,,12000,12000,0,182,182,3994,0.00016487119137309492,0.26770251989364624,1623.7070749846732,0.06117616852745414,103,,0.0012495347991842512
E2-drift,mackey_drift_hdm_lr0.03,mackey,hdm,0.03,9,0.002962438788274516,138,,12000,12000,0,138,138,4078,0.0001304698525927961,0.8126805424690247,6228.8760684466115,0.11117300907149912,99,,0.0014873325194891245
E2-drift,mackey_drift_tfmd_lr0.003,mackey,tfmd,0.003,0,0.014176732754724725,0,,12000,12000,0,0,0,,0.006885966286063194,0.46439328789711,67.44054045646661,0.053689203560352325,99,,0.007090545215275293
E2-drift,mackey_drift_tfmd_lr0.003,mackey,tfmd,0.003,1,8.475863203107701e+34,6172,,12000,6201,5799,373,6172,261,4.54646403521566e+34,4.635760611657441e+34,1.0196408848173246,4.569306692987441e+34,11885,402,4.259825268510441e+34
E2-drift,mackey_drift_tfmd_lr0.003,mackey,tfmd,0.003,2,0.008317367783235819,0,,12000,12000,0,0,0,,0.0035768828820437193,0.3595350980758667,100.51631823920373,0.061907638376578686,100,,0.004157172874748843
E2-drift,mackey_drift_tfmd_lr0.003,mackey,tfmd,0.003,3,0.025989371043192006,30,,12000,12000,0,30,30,3999,0.001807031687349081,1.8149635791778564,1004.3894591801052,0.22413015812635423,99,,0.013025454323612696
E2-drift,mackey_drift_tfmd_lr0.003,mackey,tfmd,0.003,4,0.0044258954614095,55,,12000,12000,0,55,55,7997,0.0006663469830527902,5.0985870361328125,7651.549666773063,0.1563980775885284,99,,0.0022184459540245975
E2-drift,mackey_drift_tfmd_lr0.003,mackey,tfmd,0.003,5,0.015745305698089525,0,,12000,12000,0,0,0,,0.0009698740905150771,7.6954803466796875,7934.514822014475,0.3990302284620702,99,,0.007918853399831277
E2-drift,mackey_drift_tfmd_lr0.003,mackey,tfmd,0.003,6,0.012295551860638267,0,,12000,12000,0,0,0,,0.004678916651755571,0.7921217679977417,169.2959774567753,0.09134310824796557,99,,0.006139646464328204
E2-drift,mackey_drift_tfmd_lr0.003,mackey,tfmd,0.003,7,0.0063936040670982885,28,,12000,12000,0,28,28,4006,0.0014197439886629581,0.6867556571960449,483.7179538564527,0.08746339410543441,99,,0.0032076184538218514
E2-drift,mackey_drift_tfmd_lr0.003,mackey,tfmd,0.003,8,0.0068271851937845626,64,,12000,12000,0,64,64,3994,0.0019004603382200003,0.9925568103790283,522.2717835346524,0.10185617506504059,103,,0.0034121642655421357
E2-drift,mackey_drift_tfmd_lr0.003,mackey,tfmd,0.003,9,0.03751943598569782,4,,12000,12000,0,4,4,8161,0.012970625422894955,1.0052485466003418,77.50193331664165,0.1678655700944364,99,,0.018837141014412435
E2-drift,mackey_drift_tfmd_lr0.03,mackey,tfmd,0.03,0,0.002045746851398684,5,,12000,12000,0,5,5,8030,0.00037448553484864533,0.20360314846038818,543.687618115017,0.03284341397229582,99,,0.0010231878388209832
E2-drift,mackey_drift_tfmd_lr0.03,mackey,tfmd,0.03,1,0.04277030080110787,33,,12000,12000,0,33,33,3997,0.003804595675319433,7.551861763000488,1984.9314900896625,1.363757983148098,99,,0.021495628672670138
E2-drift,mackey_drift_tfmd_lr0.03,mackey,tfmd,0.03,2,0.01798916246547762,0,,12000,12000,0,0,0,,0.009954532608389854,0.20224151015281677,20.316524954909895,0.0401990407332778,101,,0.008991313140157824
E2-drift,mackey_drift_tfmd_lr0.03,mackey,tfmd,0.03,3,2.6010892511346564e+25,5953,,12000,6053,5947,6,5953,100,0.47621414065361023,2.1200875430183957e+28,4.451962598398584e+28,1.512773972976611e+27,200,106,1.3036240536944232e+25
E2-drift,mackey_drift_tfmd_lr0.03,mackey,tfmd,0.03,4,0.006437995903578558,30,,12000,12000,0,30,30,7997,0.002147599821910262,0.8762522339820862,408.0146706301508,0.05588273664005101,99,,0.0032269957772053507
E2-drift,mackey_drift_tfmd_lr0.03,mackey,tfmd,0.03,5,0.03276352649210636,0,,12000,12000,0,0,0,,0.006053208839148283,1.8174536228179932,300.2463108597651,0.2789611623436212,99,,0.016477899388470784
E2-drift,mackey_drift_tfmd_lr0.03,mackey,tfmd,0.03,6,0.0021237657762891173,43,,12000,12000,0,43,43,8000,0.0003869531792588532,0.2860959470272064,739.3554630438167,0.047524452633224426,99,,0.0010604787150074724
E2-drift,mackey_drift_tfmd_lr0.03,mackey,tfmd,0.03,7,0.0039301401144978265,33,,12000,12000,0,33,33,4006,0.0006789664621464908,0.8527852296829224,1256.0049387224801,0.10991875944193452,99,,0.001971718896929815
E2-drift,mackey_drift_tfmd_lr0.03,mackey,tfmd,0.03,8,0.0030797844101849783,86,,12000,12000,0,86,86,3994,0.0006123630446381867,0.27886539697647095,455.3922700238025,0.0407584838848561,103,,0.0015392473054174237
E2-drift,mackey_drift_tfmd_lr0.03,mackey,tfmd,0.03,9,0.10904617415324253,0,,12000,12000,0,0,0,,0.04547084867954254,1.8806535005569458,41.35954254583898,0.8250164671242237,99,,0.05474810874943311
